Date,price,return,momentum,position,strategy_return,strategy_value,buyhold_value,position_change
2005-09-30,7.854501247406006,0.10650351688601711,1.7937869207834365,1,0.0,10000.0,11065.035168860171,
2005-10-31,9.236473083496094,0.1759464786572531,1.4418210746537965,1,0.1759464786572531,11759.464786572531,13011.889143039783,0.0
2005-11-30,10.049821853637695,0.08805837063444799,0.9520561184107497,1,0.08805837063444799,12794.984095211275,14157.69489985193,0.0
2005-12-31,10.296778678894045,0.024573254019120583,1.2250247459528123,1,0.024573254019120583,13109.39848955351,14505.595532951198,0.0
2006-01-31,10.738572120666504,0.042905985993273,1.1518747168016836,1,0.042905985993273,13671.870157526526,15127.972411712088,0.0
2006-02-28,9.000189781188965,-0.16188207519061149,1.2117368765512317,1,-0.16188207519061149,11458.63944468954,12679.024844277816,0.0
2006-03-31,9.679757118225098,0.07550588971540106,0.9289330359145724,1,0.07550588971540106,12323.834210888814,13636.365895868685,0.0
2006-04-30,10.373225212097168,0.07164106344842103,1.1605453109600732,1,0.07164106344842103,13206.72679951892,14613.289650220499,0.0
2006-05-31,9.228530883789062,-0.11035086049931442,0.8997271823599176,1,-0.11035086049931442,11749.35313281265,13000.70056259294,0.0
2006-06-30,10.407724380493164,0.12777694646668913,0.3410032175265816,1,0.12777694646668913,13250.649599082279,14661.890382408834,0.0
2006-07-31,9.595369338989258,-0.0780530893983391,0.4255652455044061,1,-0.0780530893983391,12216.395461339043,13517.484541642028,0.0
2006-08-31,9.39507293701172,-0.020874277466701008,0.34348077988983716,1,-0.020874277466701008,11961.387032836104,13235.31681866795,0.0
2006-09-30,9.975114822387695,0.061738944366350745,0.32353168186679504,1,0.061738944366350745,12699.87044140076,14052.451307406716,0.0
2006-10-31,11.823946952819824,0.1853444459890019,0.26998704414007624,1,0.1853444459890019,15053.720892494284,16656.99510976544,0.0
2006-11-30,12.032929420471191,0.01767450991494246,0.28013656792299635,1,0.01767450991494246,15319.788031665452,16951.399334986138,0.0
2006-12-31,11.429062843322754,-0.05018450254691109,0.1973276338341936,1,-0.05018450254691109,14550.972090172198,16100.701791885818,0.0
2007-01-31,12.447174072265623,0.08908090216143005,0.10996489287952005,1,0.08908090216143005,15847.185811290527,17534.96683293916,0.0
2007-02-28,11.155298233032228,-0.10378868582804746,0.15910885845902123,1,-0.10378868582804746,14202.427221863803,15715.035669310008,0.0
2007-03-31,11.371479988098145,0.019379289603013383,0.23945144538480645,1,0.019379289603013383,14477.660172062022,16019.58189666725,0.0
2007-04-30,11.699600219726562,0.028854663770401245,0.17476914443316582,1,0.028854663770401245,14895.408188509,16481.82154603799,0.0
2007-05-31,12.358071327209473,0.056281504933191506,0.12786524735649119,1,0.056281504933191506,15733.74417795247,17409.443266689308,0.0
2007-06-30,12.973356246948242,0.04978810232176456,0.3391157794051267,1,0.04978810232176456,16517.097442988837,18276.22640941619,0.0
2007-07-31,12.658143043518066,-0.024296966600629966,0.24651227998156378,1,-0.024296966600629966,16115.782078077187,17832.169546761055,0.0
2007-08-31,12.788447380065918,0.010294111553319718,0.31919289360584746,1,0.010294111553319718,16281.679736557906,18015.735889313124,0.0
2007-09-30,14.079578399658203,0.10096073285681606,0.3611865991679597,1,0.10096073285681606,17925.49005490076,19834.617787653016,0.0
2007-10-31,17.54766273498535,0.24632018352277796,0.41147030889896485,1,0.24632018352277796,22340.900054959653,24720.284481211864,0.0
2007-11-30,17.200183868408203,-0.01980200279803468,0.48407826971859946,1,-0.01980200279803468,21898.505489560728,24230.773338746694,0.0
2007-12-31,17.16245460510254,-0.0021935383711194634,0.42942614116444044,1,-0.0021935383711194634,21850.470277499204,24177.622207666256,0.0
2008-01-31,14.005863189697266,-0.18392423974521643,0.5016502088033776,1,-0.18392423974521643,17831.639143634715,19730.77142427418,0.0
2008-02-29,11.694636344909668,-0.1650185221349113,0.12522433673556965,1,-0.1650185221349113,14889.088404909082,16474.828683258715,0.0
2008-03-31,10.932417869567873,-0.0651767573494123,0.04834815713670415,1,-0.0651767573494123,13918.665902788374,15401.052771796823,0.0
2008-04-30,14.253814697265623,0.30381173381081483,-0.03861081574164593,0,0.30381173381081483,18147.31992304798,20080.073316908274,-1.0
2008-05-31,14.5394926071167,0.020042207361225195,0.21831638941238607,1,0.0,18147.31992304798,20482.522310154352,1.0
2008-06-30,13.06568431854248,-0.10136586801198466,0.1765179389363345,1,-0.10136586801198466,16307.801086957039,18406.293657110717,0.0
2008-07-31,11.758423805236816,-0.10005296939942399,0.0071167452613472015,1,-0.10005296939942399,14676.157163831833,16564.689321079008,0.0
2008-08-31,11.498807907104492,-0.02207914108493858,-0.0710782960176749,0,-0.02207914108493858,14352.120219226857,16198.955208530728,-1.0
2008-09-30,9.940860748291016,-0.13548771067398258,-0.10084410050993842,0,-0.0,14352.120219226857,14004.195852016512,0.0
2008-10-31,8.919276237487793,-0.10276620271326586,-0.29395181687170824,0,-0.0,14352.120219226857,12565.037822251905,0.0
2008-11-30,7.271234512329102,-0.184773033290746,-0.49171143917046345,0,-0.0,14352.120219226857,10243.357670421472,0.0
2008-12-31,7.635838508605957,0.05014334163732892,-0.5772583265412488,0,0.0,14352.120219226857,10756.99385360277,0.0
2009-01-31,8.402276039123535,0.10037372184518656,-0.5550847076189347,0,0.0,14352.120219226857,11836.713362554676,0.0
2009-02-28,8.388875961303711,-0.001594815233090352,-0.4000886682011672,0,-0.0,14352.120219226857,11817.835991774351,0.0
2009-03-31,8.638811111450195,0.029793639970287833,-0.2826732089916466,0,0.0,14352.120219226857,12169.932342541186,0.0
2009-04-30,9.827930450439451,0.1376484939476399,-0.209798672670782,0,0.0,14352.120219226857,13845.105200936654,0.0
2009-05-31,10.355602264404297,0.05369104071562192,-0.3105052465481546,0,0.0,14352.120219226857,14588.463307992211,0.0
2009-06-30,10.463817596435549,0.010449931280503533,-0.2877604092363235,0,0.0,14352.120219226857,14740.911747048876,0.0
2009-07-31,10.99644947052002,0.05090225141786764,-0.1991374243149614,0,0.0,14352.120219226857,15491.257342925757,0.0
2009-08-31,11.458596229553224,0.04202690698230893,-0.0648024214246673,0,0.0,14352.120219226857,16142.306974315907,0.0
2009-09-30,12.306941986083984,0.07403574919087941,-0.003497030116176081,0,0.0,14352.120219226857,17337.414764828543,0.0
2009-10-31,13.306438446044922,0.0812140384744735,0.23801573100193907,1,0.0,14352.120219226857,18745.456234587233,1.0
2009-11-30,14.469996452331545,0.08744323366501328,0.49187423864257607,1,0.08744323366501328,15607.116021145073,20384.619544265523,0.0
2009-12-31,15.387834548950195,0.06343042996881731,0.9900329755279142,1,0.06343042996881731,16597.082100939522,21677.624726709044,0.0
2010-01-31,13.15305233001709,-0.14523045538500212,1.015212151436593,1,-0.14523045538500212,14186.680309357807,18529.373415983908,0.0
2010-02-28,13.075117111206056,-0.005925257260109507,0.565415402775689,1,-0.005925257260109507,14102.620578857932,18419.58211162557,0.0
2010-03-31,14.07585620880127,0.07653767756600272,0.5586256336986128,1,0.07653767756600272,15182.002405558234,19829.374148185678,0.0
2010-04-30,13.047816276550291,-0.07303569438342028,0.6293742306906811,1,-0.07303569438342028,14073.174317737532,18381.122038084293,0.0
2010-05-31,12.053282737731934,-0.07622222123143674,0.32762602893337167,1,-0.07622222123143674,13000.485711462368,16980.072087615394,0.0
2010-06-30,11.043612480163574,-0.08376724246313905,0.16393836205578682,1,-0.08376724246313905,11911.470872731727,15557.698272010535,0.0
2010-07-31,12.033923149108888,0.08967271087464357,0.05540949833887865,1,0.08967271087464357,12979.604756393937,16952.79925103148,0.0
2010-08-31,11.169447898864746,-0.07183652741775703,0.09434624160918426,1,-0.07183652741775703,12047.195023439594,15734.969022827026,0.0
2010-09-30,13.050049781799316,0.16837017370623242,-0.025234184440736884,0,0.16837017370623242,14075.583342208976,18384.2684904626,-1.0
2010-10-31,15.231966018676758,0.16719600870186135,0.06038118945840476,1,0.0,14075.583342208976,21458.044804971338,1.0
2010-11-30,13.792659759521484,-0.09449248096998508,0.14470645773769464,1,-0.09449248096998508,12745.546551103856,19430.420914584498,0.0
2010-12-31,14.742268562316896,0.0688488528936464,-0.04680973454564474,0,0.0688488528936464,13623.062810649928,20768.183105794353,-1.0
2011-01-31,14.900867462158203,0.010758106811777024,-0.04195301064485002,0,0.0,13623.062810649928,20991.609437933035,0.0
2011-02-28,15.224520683288574,0.02172042815307984,0.1328828539784912,1,0.0,13623.062810649928,21447.55618254717,1.0
2011-03-31,14.563318252563477,-0.04343009835776812,0.16438885814952786,1,-0.04343009835776812,13031.411852849349,20516.08670800539,0.0
2011-04-30,13.504501342773438,-0.07270437213741887,0.03463107583163638,1,-0.07270437213741887,12083.971236023819,19024.47750518301,0.0
2011-05-31,13.13021755218506,-0.027715483977397315,0.03500088110865773,1,-0.027715483977397315,11749.05812484847,18497.204903709757,0.0
2011-06-30,12.568294525146484,-0.04279617034563632,0.0893478430636876,1,-0.04279617034563632,11246.243431936673,17705.595371732456,0.0
2011-07-31,14.983519554138184,0.19216808009705266,0.13806008203579467,1,0.19216808009705266,13407.412440556032,21108.045641293542,0.0
2011-08-31,13.426566123962402,-0.10391106205389367,0.24510680087297332,1,-0.10391106205389367,12014.233974463268,18914.686200824668,0.0
2011-09-30,12.78323459625244,-0.04791482213473841,0.20207965922174798,1,-0.04791482213473841,11438.57409049173,18008.392375777763,0.0
2011-10-31,14.709258079528809,0.15066792905772108,-0.020445530094375552,0,0.15066792905772108,13162.000360079423,20721.67956069505,-1.0
2011-11-30,14.87679386138916,0.011389818640378246,-0.03431651163789551,0,0.0,13162.000360079423,20957.695732815402,0.0
2011-12-31,16.031164169311523,0.07759536891335062,0.07860225081817629,1,0.0,13162.000360079423,22583.915864776965,1.0
2012-01-31,14.39826488494873,-0.10185781064413613,0.08742858004155529,1,-0.10185781064413613,11821.347819704402,20283.567639019413,0.0
2012-02-29,15.344895362854004,0.06574614965549341,-0.03372975288088875,0,0.06574614965549341,12598.555922588328,21617.134112561707,-1.0
2012-03-31,15.915504455566406,0.037185596852859604,0.007906631812557574,1,0.0,12598.555922588328,22420.980146785627,1.0
2012-04-30,15.012310028076172,-0.05674934338473603,0.09284877110784251,1,-0.05674934338473603,11883.596146385564,21148.604245413342,0.0
2012-05-31,14.416879653930664,-0.03966280825748525,0.11165230370461598,1,-0.03966280825748525,11412.259351022083,20309.791210314073,0.0
2012-06-30,14.397273063659668,-0.0013599746090444675,0.09799244350916969,1,-0.0013599746090444675,11396.738968072861,20282.17040995305,0.0
2012-07-31,15.710244178771973,0.09119581946572852,0.145523208009948,1,0.09119581946572852,12436.073917503267,22131.81956103227,0.0
2012-08-31,17.003856658935547,0.08234197161057066,0.0485015968383129,1,0.08234197161057066,13460.084762965282,23954.19721901706,0.0
2012-09-30,18.72660446166992,0.10131512146269861,0.26643376288064835,1,0.10131512146269861,14823.794885623327,26381.119619803212,0.0
2012-10-31,16.884971618652344,-0.09834312711560045,0.46493474094262877,1,-0.09834312711560045,13365.976540850883,23786.71781958104,0.0
2012-11-30,17.333465576171875,0.026561724096953343,0.14791456695912641,1,0.026561724096953343,13720.999922015315,24418.53405547684,0.0
2012-12-31,17.55709457397461,0.012901574518955572,0.1651344864809008,1,0.012901574518955572,13898.022424983781,24733.571592237226,0.0
2013-01-31,18.756141662597656,0.0682941635685228,0.09518525220920493,1,0.0682941635685228,14847.17624175462,26422.730176191246,0.0
2013-02-28,19.885698318481445,0.06022329518529301,0.30266680134524027,1,0.06022329518529301,15741.322119229879,28013.99405519336,0.0
2013-03-31,19.711708068847656,-0.0087495167052839,0.2959161889509878,1,-0.0087495167052839,15603.593158384423,27768.885146225726,0.0
2013-04-30,20.465734481811523,0.03825271814752207,0.23852235559857093,1,0.03825271814752207,16200.473009560708,28831.12048299521,0.0
2013-05-31,21.62358283996582,0.05657497214103446,0.36326351131413515,1,0.05657497214103446,17117.014318748184,30462.240321115474,0.0
2013-06-30,21.850683212280277,0.010502439581599576,0.49987954113706556,1,0.010502439581599576,17296.784727448212,30782.16815960815,0.0
2013-07-31,22.033855438232425,0.00838290611660164,0.5176959633719702,1,0.00838290611660164,17441.78204993748,31040.212185355595,0.0
2013-08-31,21.019962310791016,-0.04601523915247874,0.40251514791890086,1,-0.04601523915247874,16639.194277664195,29611.88939830277,0.0
2013-09-30,21.73998641967773,0.03425430066147528,0.23618792679865375,1,0.03425430066147528,17209.158241216002,30626.223960906587,0.0
2013-10-31,25.578882217407227,0.17658225371542824,0.16091448741685532,1,0.17658225371542824,20247.990187995358,36034.27161071692,0.0
2013-11-30,26.298904418945312,0.02814908780681935,0.5148904478554746,1,0.02814908780681935,20817.952641708856,37048.603486341766,0.0
2013-12-31,27.81589698791504,0.05768272871005653,0.5172329101399162,1,0.05768272871005653,22018.788956239354,39185.668030330875,0.0
2014-01-31,29.311542510986328,0.0537694514658682,0.5843109388467582,1,0.0537694514658682,23202.727160359056,41292.65990564537,0.0
2014-02-28,30.172298431396484,0.029365766748288058,0.562770373473858,1,0.029365766748288058,23884.093034074333,42505.25052485094,0.0
2014-03-31,27.662012100219727,-0.08319837936392083,0.5172863405734582,1,-0.08319837936392083,21896.975201062236,38968.8825667259,0.0
2014-04-30,26.52477264404297,-0.041111957151075185,0.4033290267694616,1,-0.041111957151075185,20996.74769485801,37366.79553641738,0.0
2014-05-31,28.348203659057617,0.06874445408014318,0.2960576942702098,1,0.06874445408014318,22440.15765259953,39935.55549629273,0.0
2014-06-30,28.993865966796875,0.022776127740036234,0.31098550452346907,1,0.022776127740036234,22951.25754980169,40845.1328096456,0.0
2014-07-31,28.739965438842773,-0.008757042894688927,0.32690889731548833,1,-0.008757042894688927,22750.27240295102,40487.45022959226,0.0
2014-08-31,28.87931251525879,0.004848547111601098,0.30435481522557906,1,0.004848547111601098,22860.578170498487,40683.75553945904,0.0
2014-09-30,29.17932891845703,0.010388626912074983,0.373899348070335,1,0.010388626912074983,23098.06818810612,41106.40389714054,0.0
2014-10-31,28.16075134277344,-0.034907505190748256,0.34219628086085896,1,-0.034907505190748256,22291.77225293355,39671.48188972811,0.0
2014-11-30,27.228954315185547,-0.03308850024085064,0.10093752742679163,1,-0.03308850024085064,21554.17094137337,38358.81205166494,0.0
2014-12-31,26.315502166748047,-0.03354708880348256,0.03536458711071777,1,-0.03354708880348256,20831.091254717674,37071.98557737164,0.0
2015-01-31,26.65718078613281,0.012983929290792728,-0.05394019189166743,0,0.012983929290792728,21101.560670618983,37553.32561677752,-1.0
2015-02-28,27.900897979736328,0.04665599125360265,-0.09055687614729357,0,0.0,21101.560670618983,39305.413248297584,0.0
2015-03-31,27.50765037536621,-0.014094442575135813,-0.07528098851417286,0,-0.0,21101.560670618983,38751.42535837748,0.0
2015-04-30,27.213579177856445,-0.010690524035928295,-0.005580278263716432,0,-0.0,21101.560670618983,38337.15231415726,0.0
2015-05-31,27.04249382019043,-0.00628676428586894,0.02596842367160379,1,-0.0,21101.560670618983,38096.1356741667,1.0
2015-06-30,26.78066062927246,-0.009682287168444437,-0.04605970292054096,0,-0.009682287168444437,20897.249300503696,37727.2779485614,-1.0
2015-07-31,32.60551834106445,0.21750239071493116,-0.0763335713857175,0,0.0,20897.249300503696,45933.0510975402,0.0
2015-08-31,32.1254768371582,-0.014722707330852902,0.13450095861970968,1,-0.0,20897.249300503696,45256.792229418,1.0
2015-09-30,31.6568603515625,-0.014587067079847138,0.11240448747470211,1,-0.014587067079847138,20592.41972317296,44596.62836534878,0.0
2015-10-31,36.5672721862793,0.15511367141860077,0.08490707377229412,1,0.15511367141860077,23786.585549827123,51514.175123988935,0.0
2015-11-30,37.82984161376953,0.03452730685128791,0.2985190537419067,1,0.03452730685128791,24607.872288050414,53292.82085568588,0.0
2015-12-31,38.58162689208984,0.019872810623839943,0.3893240693665525,1,0.019872810623839943,25096.89987388648,54351.89899216115,0.0
2016-01-31,37.75545501708984,-0.021413609055697558,0.46611782848062533,1,-0.021413609055697558,24559.484671477087,53188.02867570825,0.0
2016-02-29,35.56704330444336,-0.05796279535383442,0.4163333819880308,1,-0.05796279535383442,23135.94828746863,50105.101854304296,0.0
2016-03-31,37.83232116699219,0.06369036197804578,0.27476339042115216,1,0.06369036197804578,24609.48520860285,53296.31392835179,0.0
2016-04-30,35.10386657714844,-0.07211967190171409,0.3753381568667884,1,-0.07211967190171409,22834.65720968833,49452.6012542683,0.0
2016-05-31,37.13557434082031,0.05787703640015707,0.2899393478426491,1,0.05787703640015707,24156.25949619857,52314.77125714404,0.0
2016-06-30,34.88814926147461,-0.060519464670707346,0.3732303902051446,1,-0.060519464670707346,22694.335603041938,49148.70930629117,0.0
2016-07-31,39.24266052246094,0.1248134783060797,0.3027366928857722,1,0.1248134783060797,25526.89456750311,55283.130669063765,0.0
2016-08-31,39.16877365112305,-0.0018828201338592088,0.2035588611709771,1,-0.0018828201338592088,25478.832016456516,55179.04247757728,0.0
2016-09-30,39.873443603515625,0.01799060544169917,0.21924333916246042,1,0.01799060544169917,25937.211630379916,56171.74685944213,0.0
2016-10-31,40.163047790527344,0.0072630844200820555,0.25955142615864535,1,0.0072630844200820555,26125.595788072897,56579.72699890574,0.0
2016-11-30,38.47599792480469,-0.042005025976154964,0.09833316485655841,1,-0.042005025976154964,25028.18945835237,54203.09409659295,0.0
2016-12-31,39.29770278930664,0.021356297661410784,0.017080597842100476,1,0.021356297661410784,25562.698922351126,55360.67150828925,0.0
2017-01-31,40.67333221435547,0.03500533943228734,0.01856002338158569,1,0.03500533943228734,26457.529874933396,57298.59060563627,0.0
2017-02-28,41.90019226074219,0.03016374561889723,0.07728359242246907,1,0.03016374561889723,27255.588075785257,59026.93071698602,0.0
2017-03-31,42.042518615722656,0.0033967947949924415,0.17806228372960176,1,0.0033967947949924415,27348.169715495544,59227.43308800985,0.0
2017-04-30,45.847076416015625,0.09049309902357217,0.11128572920880586,1,0.09049309902357217,29822.99034567334,64587.107055355125,0.0
2017-05-31,48.94993209838867,0.06767837613499683,0.30604064128538755,1,0.06767837613499683,31841.3619037582,68958.25758011876,0.0
2017-06-30,46.10296249389648,-0.058160848901073536,0.31814124238767283,1,-0.058160848901073536,29989.441265269317,64947.58678052016,0.0
2017-07-31,46.88747787475586,0.017016593694239024,0.3214505059689674,1,0.017016593694239024,30499.75940239765,66052.77347618561,0.0
2017-08-31,47.370487213134766,0.010301457025884364,0.19480884452060354,1,0.010301457025884364,30813.951363181262,66733.213283591,0.0
2017-09-30,48.28691101074219,0.019345880769267687,0.20939418821392075,1,0.019345880769267687,31410.074392283383,68024.22607112546,0.0
2017-10-31,51.22859954833984,0.060921033796161206,0.21100428372544044,1,0.060921033796161206,33323.608595875616,72168.3322465622,0.0
2017-11-30,51.38381576538086,0.003029874296964996,0.2755157381363462,1,0.003029874296964996,33424.57494104238,72386.9932214909,0.0
2017-12-31,52.23825454711914,0.016628558409123695,0.3354771425500771,1,0.016628558409123695,33980.37743774963,73590.6845663353,0.0
2018-01-31,58.6264533996582,0.12228966890110926,0.32929537452081736,1,0.12228966890110926,38135.82654374676,82590.06501615842,0.0
2018-02-28,54.7435417175293,-0.06623139311632897,0.44139784492420464,1,-0.06623139311632897,35610.037624111734,77120.00995257006,0.0
2018-03-31,51.43191146850586,-0.06049353302917604,0.3065224468867296,1,-0.06049353302917604,33455.86063692733,72454.74808329387,0.0
2018-04-30,50.51152420043945,-0.017895256889878586,0.22333088411291913,1,-0.017895256889878586,32857.15941635754,71158.1517534519,0.0
2018-05-31,54.54915237426758,0.07993479186662511,0.10173926341777406,1,0.07993479186662511,35483.5896156326,76846.1638034778,0.0
2018-06-30,55.99668502807617,0.02653629966377702,0.11438668116279604,1,0.02653629966377702,36425.19278281951,78885.37663417858,0.0
2018-07-31,60.858009338378906,0.0868145017489037,0.21460058093857892,1,0.0868145017489037,39587.42774536775,85733.7713019494,0.0
2018-08-31,61.08513259887695,0.003732019219281568,0.29795868954479965,1,0.003732019219281568,39735.16878655538,86053.73138418976,0.0
2018-09-30,59.85926055908203,-0.020068255361656684,0.2895187740847096,1,-0.020068255361656684,38937.753272508264,84326.78312794844,0.0
2018-10-31,54.082008361816406,-0.09651392521902913,0.23965810415508648,1,-0.09651392521902913,35179.71786496839,76188.07428717634,0.0
2018-11-30,55.02770233154297,0.017486295320242817,0.05569952797136413,1,0.017486295320242817,35794.88080083805,77520.3214540425,0.0
2018-12-31,51.81970977783203,-0.05829777398995728,0.07091506366129252,1,-0.05829777398995728,33708.11892991333,73001.05927428589,0.0
2019-01-31,55.83304214477539,0.07744799004374636,-0.008012227301920638,0,0.07744799004374636,36318.74498919068,78654.84458614372,-1.0
2019-02-28,55.86576843261719,0.0005861455257432091,-0.04764762479899731,0,0.0,36318.74498919068,78700.94777137591,0.0
2019-03-31,58.36213684082031,0.044685117169991795,0.02049970973523152,1,0.0,36318.74498919068,82217.70884392924,1.0
2019-04-30,59.45659637451172,0.018752903730658188,0.13474563115466065,1,0.018752903730658188,36999.8269175913,83759.52962283474,0.0
2019-05-31,54.871490478515625,-0.07711685793641676,0.17708972983227533,1,-0.07711685793641676,34146.5165215154,77300.2578760895,0.0
2019-06-30,53.69620513916016,-0.021418870329677486,0.005909131310353866,1,-0.021418870329677486,33415.13671193087,75644.5736761909,0.0
2019-07-31,60.41070938110352,0.12504615967817312,-0.041082429928889,0,0.12504615967817312,37593.57123287897,85103.6371148912,-1.0
2019-08-31,59.03854751586914,-0.022713884330972545,-0.007349894650486077,0,-0.0,37593.57123287897,83170.60294531849,0.0
2019-09-30,60.55650329589844,0.025711265671318984,-0.03350381665612423,0,0.0,37593.57123287897,85309.02441368936,0.0
2019-10-31,62.4240608215332,0.0308399168378215,0.011648034578178867,1,0.0,37593.57123287897,87939.94763212322,1.0
2019-11-30,64.66999816894531,0.03597871266070163,0.15424820032398334,1,0.03597871266070163,38946.13953015634,91103.91373937653,0.0
2019-12-31,66.4205322265625,0.027068719764674398,0.17522621205056543,1,0.027068719764674398,40000.36166701405,93569.98004985278,0.0
2020-01-31,71.05175018310547,0.06972569778191096,0.28176194948464484,1,0.06972569778191096,42789.4147957754,100094.21220026824,0.0
2020-02-29,66.4135971069336,-0.0652785197299014,0.2725752968800783,1,-0.0652785197299014,39996.18513779844,93560.21019430409,0.0
2020-03-31,57.62125778198242,-0.13238763909737472,0.1888066515551241,1,-0.13238763909737472,34701.18461450379,81173.99485322605,0.0
2020-04-30,66.78302764892578,0.15899982436357285,-0.012694515638771109,0,0.15899982436357285,40218.66687341782,94080.64577777855,-1.0
2020-05-31,71.08845520019531,0.06446888832148945,0.12322318668000332,1,0.0,40218.66687341782,100145.92042363976,1.0
2020-06-30,70.32129669189453,-0.010791604714722736,0.29554445451102285,1,-0.010791604714722736,39784.64291836678,99065.18523663576,0.0
2020-07-31,73.78762817382812,0.049292769687125704,0.3096139011993202,1,0.049292769687125704,41745.738158826374,103948.38259651771,0.0
2020-08-31,80.8086166381836,0.09515129620124796,0.22143290369817947,1,0.09515129620124796,45717.899255516604,113839.2059385996,0.0
2020-09-30,72.6792984008789,-0.10059964612070138,0.36874330481221307,1,-0.10059964612070138,41118.69476902975,102387.02210651484,0.0
2020-10-31,80.14311981201172,0.10269528703984498,0.20018981356543342,1,0.10269528703984498,45341.39093103904,112901.68673089833,0.0
2020-11-30,87.00093841552734,0.08556964864359795,0.28384982901282707,1,0.08556964864359795,49221.23782202006,122562.64439573087,0.0
2020-12-31,86.91365051269531,-0.0010032984059911154,0.3453060287437182,1,-0.0010032984059911154,49171.85423257232,122439.67748997458,0.0
2021-01-31,90.6190414428711,0.042633014587674545,0.3085358939345766,1,0.042633014587674545,51268.19861137258,127659.65004651483,0.0
2021-02-28,100.26679229736328,0.1064649404901774,0.2753949228462256,1,0.1064649404901774,56726.46432557095,141250.9270917139,0.0
2021-03-31,102.28064727783205,0.020084964666030602,0.5097328960502188,1,0.020084964666030602,57865.81335717889,144087.94697139502,0.0
2021-04-30,116.71039581298828,0.14107994932765444,0.7750505840192567,1,0.14107994932765444,66029.5193734132,164415.8672288452,0.0
2021-05-31,116.8765106201172,0.0014233077179781617,0.7476056405607658,1,0.0014233077179781617,66123.49969795176,164649.8816016301,0.0
2021-06-30,121.08870697021484,0.036039716857979354,0.6440997387125116,1,0.036039716857979354,68506.57190472464,170583.81671525267,0.0
2021-07-31,133.6221160888672,0.10350601168559259,0.7219350704062306,1,0.10350601168559259,75597.41393683496,188240.26724155463,0.0
2021-08-31,143.51138305664062,0.0740092078858896,0.8109013583426425,1,0.0740092078858896,81192.31866052182,202171.78031233026,0.0
2021-09-30,132.58021545410156,-0.07616934189969293,0.7759415892392445,1,-0.07616934189969293,75007.95318083972,186772.4888552508,0.0
2021-10-31,146.83242797851562,0.10749878837953841,0.8241812781794586,1,0.10749878837953841,83071.21726660914,206850.30510982109,0.0
2021-11-30,140.73434448242188,-0.04153090417456029,0.8321276776214124,1,-0.04153090417456029,79621.1945026455,198259.62490982655,0.0
2021-12-31,143.6646270751953,0.020821375219745475,0.6176186952174822,1,0.020821375219745475,81279.01726882943,202387.66295100003,0.0
2022-01-31,134.1943817138672,-0.0659191170027631,0.6529581513114617,1,-0.0659191170027631,75921.17621961587,189046.44691701725,0.0
2022-02-28,133.9499053955078,-0.0018218074053253375,0.48086295746647534,1,-0.0018218074053253375,75782.86245855795,188702.04070007338,0.0
2022-03-31,137.92755126953125,0.02969502563125248,0.3359348825905373,1,0.02969502563125248,78033.23650167452,194305.55263533173,0.0
2022-04-30,113.1741180419922,-0.17946692303096934,0.3485205162504401,1,-0.17946692303096934,64028.85165257106,159434.13297603666,0.0
2022-05-31,112.82947540283205,-0.0030452425441679365,-0.030299595390477996,0,-0.0030452425441679365,63833.86826946444,158948.61737130553,-1.0
2022-06-30,108.0698013305664,-0.04218466899072515,-0.034626591740398616,0,-0.0,63833.86826946444,152243.42256096358,0.0
2022-07-31,115.3665008544922,0.06751839490855072,-0.10751544025365467,0,0.0,63833.86826946444,162522.6540876641,0.0
2022-08-31,107.3328857421875,-0.06963559657961038,-0.13662121038581554,0,-0.0,63833.86826946444,151205.29211256796,0.0
2022-09-30,94.86593627929688,-0.11615218743709277,-0.2520949665726119,0,-0.0,63833.86826946444,133642.4666816286,0.0
2022-10-31,93.73529052734376,-0.011918353376330515,-0.2844638549245768,0,-0.0,63833.86826946444,132049.66853763247,0.0
2022-11-30,100.16217041015624,0.06856414320215576,-0.36161724070204015,0,0.0,63833.86826946444,141103.5409210439,0.0
2022-12-31,87.50675201416016,-0.12634928280979874,-0.28828907557339867,0,-0.0,63833.86826946444,123275.20972374693,0.0
2023-01-31,98.02977752685548,0.12025386922134329,-0.3908956310563604,0,0.0,63833.86826946444,138099.53067210005,0.0
2023-02-28,89.32176971435547,-0.08883023130511991,-0.2694941749806101,0,-0.0,63833.86826946444,125832.1174193689,0.0
2023-03-31,102.87971496582033,0.1517876917891594,-0.3331703411762843,0,0.0,63833.86826946444,144931.88407539736,0.0
2023-04-30,106.4601058959961,0.0348017189915939,-0.2541032301459638,0,0.0,63833.86826946444,149975.76277791162,0.0
2023-05-31,121.86280822753906,0.14468050920962172,-0.059324625295555045,0,0.0,63833.86826946444,171674.3325057213,0.0
2023-06-30,118.71878051757812,-0.02579973131827462,0.08006181711344085,1,-0.0,63833.86826946444,167245.18085282957,1.0
2023-07-31,131.63206481933594,0.10877204302015042,0.09853797319788149,1,0.10877204302015042,70777.20853501323,185436.78085946638,0.0
2023-08-31,135.05380249023438,0.025994712425082334,0.14099035547033645,1,0.025994712425082334,72617.04171713098,190257.1566509412,0.0
2023-09-30,129.7873077392578,-0.038995531068866995,0.2582704877108424,1,-0.038995531068866995,69785.30161072139,182837.97778768517,0.0
2023-10-31,123.06288146972656,-0.05181112380449859,0.3681128635799067,1,-0.05181112380449859,66169.64670923403,173364.93668436326,0.0
2023-11-30,131.44363403320312,0.06810138413294209,0.3128767274031927,1,0.06810138413294209,70675.89123772064,185171.32883268825,0.0
2023-12-31,138.54493713378906,0.05402546234222427,0.3123081647986634,1,0.05402546234222427,74494.18893828726,195175.29548539827,0.0
2024-01-31,138.95155334472656,0.0029349048716580395,0.5832485373399532,1,0.0029349048716580395,74712.82229631246,195748.11641094566,0.0
2024-02-29,137.32501220703125,-0.011705814714140006,0.41744230018945494,1,-0.011705814714140006,73838.24784174137,193456.72522959724,0.0
2024-03-31,149.69277954101562,0.09006201518000756,0.5374192948279761,1,0.09006201518000756,80488.26923972943,210879.8277538998,0.0
2024-04-30,161.44564819335938,0.0785132635547292,0.45502716051213765,1,0.0785132635547292,86807.66593561231,227436.6912487176,0.0
2024-05-31,171.08596801757812,0.059712478670671754,0.5164896449669159,1,0.059712478670671754,91991.16683624336,241017.4998238348,0.0
2024-06-30,180.8642425537109,0.05715415851712713,0.4039227431730512,1,0.05715415851712713,97248.84456777749,254792.65221416793,0.0
2024-07-31,170.32908630371094,-0.058248972274723476,0.523467826785259,1,-0.058248972274723476,91584.19931680014,239951.24207954158,0.0
2024-08-31,162.22671508789062,-0.04756892314547567,0.2939786862531282,1,-0.04756892314547567,87227.63757815935,228537.01988639846,0.0
2024-09-30,164.8977813720703,0.016465021083195586,0.20120064816109928,1,0.016465021083195586,88663.84246992109,232299.88673711868,0.0
2024-10-31,170.12759399414062,0.03171548203107677,0.2705231678227682,1,0.03171548203107677,91475.85897258208,239667.38962075094,0.0
2024-11-30,167.97999572753906,-0.012623456408109357,0.3824444216023981,1,-0.012623456408109357,90321.11745444733,236641.95877542804,0.0
2024-12-31,188.42886352539065,0.12173394641001978,0.277962200018806,1,0.12173394641001978,101316.26352634013,265449.3183033581,0.0
2025-01-31,203.0811462402344,0.07776028810400049,0.3600559314804124,1,0.07776028810400049,109194.64536776918,286090.7337716377,0.0
2025-02-28,169.4963836669922,-0.16537607353029804,0.46152483618810636,1,-0.16537607353029804,91136.46366631416,238778.17154708246,0.0
2025-03-31,154.10565185546875,-0.0908027149520868,0.2342717538700041,1,-0.0908027149520868,82861.02533428062,217096.46529931223,0.0
2025-04-30,158.2512664794922,0.026901119940178964,0.029479526854827354,1,0.026901119940178964,85090.07971516432,222936.60335091793,0.0
2025-05-31,171.1465606689453,0.08148619898169485,-0.01978611222794535,0,0.08148619898169485,92023.74688220248,241102.85977187403,-1.0
2025-06-30,175.83364868164062,0.02738639908611251,0.00035416493865203513,1,0.0,92023.74688220248,247705.7989103896,1.0
2025-07-31,191.4683990478516,0.08891785209165959,-0.027814198102625864,0,0.08891785209165959,100206.30079639447,269731.26650015,-1.0
2025-08-31,212.43115234375,0.10948414150921804,0.12410864875096839,1,0.0,100206.30079639447,299262.562651113,1.0
2025-09-30,242.77020263671875,0.14281827292390226,0.30947083671551745,1,0.14281827292390226,114517.59161222859,342002.72499972605,0.0
2025-10-31,280.8085327148437,0.1566845093219511,0.4722466282850677,1,0.1566845093219511,132460.72426272221,395589.2541530783,0.0
2025-11-30,319.74560546875,0.13866057550838828,0.6505760536677845,1,0.13866057550838828,150827.8045212492,450441.88779887825,0.0
2025-12-31,312.7798156738281,-0.021785412139472493,0.9034743040913775,1,-0.021785412139472493,147541.958637662,440628.82562829764,0.0
2026-01-31,337.7622375488281,0.07987223159262968,0.6599357965754609,1,0.07987223159262968,159326.46412759952,475822.83323526947,0.0
2026-02-28,311.54071044921875,-0.07763309270420937,0.6631885519755389,1,-0.07763309270420937,146957.4579677477,438883.23511193617,0.0
2026-03-31,287.5599975585937,-0.07697457213873149,0.8380375068137123,1,-0.07697457213873149,135645.4705180847,405100.3858703326,0.0
2026-04-30,384.7999877929688,0.33815548428136744,0.8659925453499131,1,0.33815548428136744,181514.7302917016,542087.3030368837,0.0
2026-05-31,380.3399963378906,-0.011590414751982192,1.4315760395057255,1,-0.011590414751982192,179410.8992840266,535804.2863629028,0.0
2026-06-30,368.54791259765625,-0.031004059141227946,1.2223058111789658,1,-0.031004059141227946,173848.4331520437,519192.17858038394,0.0
