Date,ASML
2016-01-04,78.67589569091797
2016-01-05,77.88282012939453
2016-01-06,76.25161743164062
2016-01-07,74.34104919433594
2016-01-08,72.34937286376953
2016-01-11,74.17884063720703
2016-01-12,74.48524475097656
2016-01-13,72.1060562133789
2016-01-14,74.71054077148438
2016-01-15,69.81695556640625
2016-01-19,72.38543701171875
2016-01-20,76.83740234375
2016-01-21,78.72994995117188
2016-01-22,81.43360137939453
2016-01-25,80.85681915283203
2016-01-26,81.2803726196289
2016-01-27,80.8478012084961
2016-01-28,80.93791961669922
2016-01-29,82.76737976074219
2016-02-01,83.12787628173828
2016-02-02,79.76636505126953
2016-02-03,81.99236297607422
2016-02-04,82.4339370727539
2016-02-05,79.63116455078125
2016-02-08,77.82875061035156
2016-02-09,76.57606506347656
2016-02-10,73.66513061523438
2016-02-11,73.7282485961914
2016-02-12,73.93548583984375
2016-02-16,75.68386840820312
2016-02-17,77.75666046142578
2016-02-18,77.43219757080078
2016-02-19,79.31575012207031
2016-02-22,79.23462677001953
2016-02-23,79.82946014404297
2016-02-24,80.39720916748047
2016-02-25,81.03703308105469
2016-02-26,81.84815979003906
2016-02-29,82.02841186523438
2016-03-01,84.52477264404297
2016-03-02,84.11920166015625
2016-03-03,85.34485626220703
2016-03-04,85.9306411743164
2016-03-07,86.55248260498047
2016-03-08,84.52477264404297
2016-03-09,84.81314086914062
2016-03-10,86.46237182617188
2016-03-11,88.09354400634766
2016-03-14,87.40863037109375
2016-03-15,87.04815673828125
2016-03-16,87.66997528076172
2016-03-17,88.10258483886719
2016-03-18,88.30084228515625
2016-03-21,88.15664672851562
2016-03-22,88.53514862060547
2016-03-23,88.05750274658203
2016-03-24,87.35456848144531
2016-03-28,87.84119415283203
2016-03-29,90.14832305908203
2016-03-30,91.15768432617188
2016-03-31,90.4727554321289
2016-04-01,90.6349868774414
2016-04-04,91.59026336669922
2016-04-05,89.68871307373047
2016-04-06,91.11262512207031
2016-04-07,90.20240783691406
2016-04-08,90.70708465576172
2016-04-11,90.34658813476562
2016-04-12,90.88732147216797
2016-04-13,91.9687728881836
2016-04-14,90.4547348022461
2016-04-15,89.71573638916016
2016-04-18,89.42736053466797
2016-04-19,89.89599609375
2016-04-20,86.90396118164062
2016-04-21,86.3542251586914
2016-04-22,86.39927673339844
2016-04-25,86.63359069824219
2016-04-26,86.88594055175781
2016-04-27,89.4363784790039
2016-04-28,88.327880859375
2016-04-29,87.05717468261719
2016-05-02,87.83219909667969
2016-05-03,86.10411071777344
2016-05-04,85.52047729492188
2016-05-05,84.71797943115234
2016-05-06,84.19819641113281
2016-05-09,84.800048828125
2016-05-10,85.12833404541016
2016-05-11,84.42616271972656
2016-05-12,83.46863555908203
2016-05-13,83.2588882446289
2016-05-16,87.38992309570312
2016-05-17,85.99468994140625
2016-05-18,86.1953125
2016-05-19,85.09185791015625
2016-05-20,87.07074737548828
2016-05-23,87.2713623046875
2016-05-24,88.93107604980469
2016-05-25,90.2077865600586
2016-05-26,90.65463256835938
2016-05-27,91.26560974121094
2016-05-31,91.17442321777344
2016-06-01,91.05586242675781
2016-06-02,91.32032775878906
2016-06-03,91.96778869628906
2016-06-06,91.2564926147461
2016-06-07,92.27788543701172
2016-06-08,92.1957778930664
2016-06-09,91.6942138671875
2016-06-10,88.80341339111328
2016-06-13,87.84589385986328
2016-06-14,86.26825714111328
2016-06-15,85.88523864746094
2016-06-16,87.15283203125
2016-06-17,86.31385803222656
2016-06-20,88.32008361816406
2016-06-21,89.8156509399414
2016-06-22,90.05274200439453
2016-06-23,92.46025085449219
2016-06-24,86.64215087890625
2016-06-27,84.35321044921875
2016-06-28,86.08587646484375
2016-06-29,87.64527130126953
2016-06-30,90.47222900390625
2016-07-01,89.77005767822266
2016-07-05,86.9430923461914
2016-07-06,86.53272247314453
2016-07-07,86.2773666381836
2016-07-08,88.65750885009766
2016-07-11,90.97380065917969
2016-07-12,91.99514770507812
2016-07-13,92.20488739013672
2016-07-14,93.90107727050781
2016-07-15,92.66085815429688
2016-07-18,94.04698944091797
2016-07-19,96.32679748535156
2016-07-20,98.63397979736328
2016-07-21,96.19000244140625
2016-07-22,96.32679748535156
2016-07-25,97.1019515991211
2016-07-26,99.19026947021484
2016-07-27,99.9106674194336
2016-07-28,100.3848876953125
2016-07-29,99.96539306640625
2016-08-01,100.03833770751953
2016-08-02,99.74653625488281
2016-08-03,98.89842987060547
2016-08-04,100.39399719238281
2016-08-05,99.94712829589844
2016-08-08,99.62797546386719
2016-08-09,100.21160888671875
2016-08-10,99.84684753417969
2016-08-11,100.941162109375
2016-08-12,100.55815124511719
2016-08-15,101.0688247680664
2016-08-16,98.44247436523438
2016-08-17,96.16267395019531
2016-08-18,96.69158935546875
2016-08-19,97.3299331665039
2016-08-22,97.72206115722656
2016-08-23,98.93490600585938
2016-08-24,97.2843246459961
2016-08-25,97.09282684326172
2016-08-26,96.94690704345703
2016-08-29,97.64910888671875
2016-08-30,98.05035400390625
2016-08-31,97.16576385498047
2016-09-01,98.02298736572266
2016-09-02,98.36039733886719
2016-09-06,98.42424774169922
2016-09-07,96.96515655517578
2016-09-08,94.91332244873047
2016-09-09,92.75205993652344
2016-09-12,94.05610656738281
2016-09-13,92.7794189453125
2016-09-14,92.99828338623047
2016-09-15,94.51206970214844
2016-09-16,93.19889831542969
2016-09-19,94.2385025024414
2016-09-20,95.64286041259766
2016-09-21,97.31167602539062
2016-09-22,99.20849609375
2016-09-23,99.00788116455078
2016-09-26,99.19026947021484
2016-09-27,99.96539306640625
2016-09-28,100.18425750732422
2016-09-29,99.1537857055664
2016-09-30,99.92892456054688
2016-10-03,99.33616638183594
2016-10-04,99.36353302001953
2016-10-05,99.22673797607422
2016-10-06,99.16289520263672
2016-10-07,97.0107650756836
2016-10-10,97.5670394897461
2016-10-11,93.66397857666016
2016-10-12,93.54544830322266
2016-10-13,91.54830169677734
2016-10-14,92.21403503417969
2016-10-17,92.25048828125
2016-10-18,93.31745147705078
2016-10-19,94.92242431640625
2016-10-20,94.4573745727539
2016-10-21,95.98941802978516
2016-10-24,96.00762939453125
2016-10-25,95.33280181884766
2016-10-26,94.70357513427734
2016-10-27,94.88595581054688
2016-10-28,96.17179107666016
2016-10-31,96.31769561767578
2016-11-01,94.74005889892578
2016-11-02,94.86771392822266
2016-11-03,92.81588745117188
2016-11-04,93.46336364746094
2016-11-07,95.52432250976562
2016-11-08,95.57902526855469
2016-11-09,94.53944396972656
2016-11-10,92.4693603515625
2016-11-11,91.42064666748047
2016-11-14,90.46311950683594
2016-11-15,91.21089935302734
2016-11-16,91.83100891113281
2016-11-17,93.5271987915039
2016-11-18,95.37837982177734
2016-11-21,95.83436584472656
2016-11-22,96.04411315917969
2016-11-23,95.84349060058594
2016-11-25,94.96802520751953
2016-11-28,94.50296020507812
2016-11-29,94.64884948730469
2016-11-30,94.04698944091797
2016-12-01,91.18354034423828
2016-12-02,90.99203491210938
2016-12-05,93.85550689697266
2016-12-06,93.66397857666016
2016-12-07,94.43000030517578
2016-12-08,94.02875518798828
2016-12-09,93.6183853149414
2016-12-12,93.8372573852539
2016-12-13,95.42401123046875
2016-12-14,94.50296020507812
2016-12-15,95.77964782714844
2016-12-16,96.88308715820312
2016-12-19,100.51253509521484
2016-12-20,100.04747772216797
2016-12-21,100.3575210571289
2016-12-22,100.293701171875
2016-12-23,100.9776382446289
2016-12-27,101.68894958496094
2016-12-28,101.02322387695312
2016-12-29,101.3697738647461
2016-12-30,102.31816864013672
2017-01-03,100.72227478027344
2017-01-04,100.23896026611328
2017-01-05,101.44271850585938
2017-01-06,101.33328247070312
2017-01-09,102.58262634277344
2017-01-10,102.7285385131836
2017-01-11,103.48544311523438
2017-01-12,104.66181182861328
2017-01-13,105.14514923095703
2017-01-17,105.701416015625
2017-01-18,112.1396255493164
2017-01-19,111.12738800048828
2017-01-20,111.30064392089844
2017-01-23,111.41007995605469
2017-01-24,111.7566146850586
2017-01-25,111.96634674072266
2017-01-26,110.461669921875
2017-01-27,111.04530334472656
2017-01-30,110.99059295654297
2017-01-31,110.70789337158203
2017-02-01,110.62581634521484
2017-02-02,111.92985534667969
2017-02-03,112.17607879638672
2017-02-06,111.46478271484375
2017-02-07,112.40409088134766
2017-02-08,113.16097259521484
2017-02-09,113.55308532714844
2017-02-10,113.85404205322266
2017-02-13,115.35871887207031
2017-02-14,115.13072967529297
2017-02-15,116.0517807006836
2017-02-16,116.06089782714844
2017-02-17,115.70523071289062
2017-02-21,116.35269927978516
2017-02-22,112.92386627197266
2017-02-23,112.87828063964844
2017-02-24,111.73837280273438
2017-02-27,112.07579803466797
2017-02-28,110.97233581542969
2017-03-01,112.5955810546875
2017-03-02,110.86293029785156
2017-03-03,112.14873504638672
2017-03-06,110.89027404785156
2017-03-07,109.41297912597656
2017-03-08,110.11515045166016
2017-03-09,110.57108306884766
2017-03-10,113.99081420898438
2017-03-13,113.2521743774414
2017-03-14,113.06978607177734
2017-03-15,114.96659088134766
2017-03-16,115.0760269165039
2017-03-17,116.63542175292969
2017-03-20,116.97280883789062
2017-03-21,115.19456481933594
2017-03-22,117.56556701660156
2017-03-23,117.8391342163086
2017-03-24,120.59319305419922
2017-03-27,121.01266479492188
2017-03-28,122.00666809082031
2017-03-29,121.20416259765625
2017-03-30,120.9488296508789
2017-03-31,121.10386657714844
2017-04-03,120.53843688964844
2017-04-04,121.04912567138672
2017-04-05,119.4897232055664
2017-04-06,119.44415283203125
2017-04-07,119.62650299072266
2017-04-10,118.46839141845703
2017-04-11,118.37718963623047
2017-04-12,117.64764404296875
2017-04-13,117.0731430053711
2017-04-17,118.7054672241211
2017-04-18,119.1431884765625
2017-04-19,115.71437072753906
2017-04-20,118.59605407714844
2017-04-21,118.57781219482422
2017-04-24,121.70574951171875
2017-04-25,122.41703796386719
2017-04-26,120.7938232421875
2017-04-27,121.24063873291016
2017-04-28,121.4312973022461
2017-05-01,122.36145782470703
2017-05-02,124.3232192993164
2017-05-03,123.56794738769531
2017-05-04,124.38766479492188
2017-05-05,125.10598754882812
2017-05-08,122.73910522460938
2017-05-09,124.29556274414062
2017-05-10,123.2271957397461
2017-05-11,123.55877685546875
2017-05-12,124.73762512207031
2017-05-15,125.013916015625
2017-05-16,126.41374969482422
2017-05-17,122.31541442871094
2017-05-18,123.4113998413086
2017-05-19,124.19424438476562
2017-05-22,123.60481262207031
2017-05-23,123.32852172851562
2017-05-24,122.94170379638672
2017-05-25,124.23107147216797
2017-05-26,123.59556579589844
2017-05-30,122.86799621582031
2017-05-31,121.56023406982422
2017-06-01,123.2364273071289
2017-06-02,124.05611419677734
2017-06-05,122.63780975341797
2017-06-06,122.14044952392578
2017-06-07,123.40216827392578
2017-06-08,124.34159088134766
2017-06-09,119.75511169433594
2017-06-12,118.88018798828125
2017-06-13,121.50497436523438
2017-06-14,119.8656234741211
2017-06-15,117.49871063232422
2017-06-16,119.38673400878906
2017-06-19,121.06291198730469
2017-06-20,118.33680725097656
2017-06-21,120.12348175048828
2017-06-22,119.74588012695312
2017-06-23,124.00080108642578
2017-06-26,123.20877075195312
2017-06-27,121.91018676757812
2017-06-28,124.3232192993164
2017-06-29,119.35910034179688
2017-06-30,120.01299285888672
2017-07-03,119.42353057861328
2017-07-05,121.09051513671875
2017-07-06,120.85111236572266
2017-07-07,122.38910675048828
2017-07-10,124.15738677978516
2017-07-11,125.08759307861328
2017-07-12,126.2111587524414
2017-07-13,126.03621673583984
2017-07-14,128.8636016845703
2017-07-17,129.139892578125
2017-07-18,131.9304962158203
2017-07-19,138.72727966308594
2017-07-20,141.6652374267578
2017-07-21,142.0980987548828
2017-07-24,141.59158325195312
2017-07-25,140.6613311767578
2017-07-26,142.3191680908203
2017-07-27,141.1310577392578
2017-07-28,140.4771728515625
2017-07-31,138.4510040283203
2017-08-01,138.99440002441406
2017-08-02,139.08645629882812
2017-08-03,140.14559936523438
2017-08-04,140.85476684570312
2017-08-07,142.2178192138672
2017-08-08,141.02975463867188
2017-08-09,141.42578125
2017-08-10,138.3128204345703
2017-08-11,139.2430419921875
2017-08-14,140.55084228515625
2017-08-15,140.41273498535156
2017-08-16,141.52708435058594
2017-08-17,138.74571228027344
2017-08-18,140.22850036621094
2017-08-21,139.61138916015625
2017-08-22,142.17178344726562
2017-08-23,141.2784423828125
2017-08-24,141.324462890625
2017-08-25,142.0336151123047
2017-08-28,141.94149780273438
2017-08-29,142.89013671875
2017-08-30,142.57701110839844
2017-08-31,143.9584503173828
2017-09-01,144.851806640625
2017-09-05,142.57701110839844
2017-09-06,144.11502075195312
2017-09-07,148.14894104003906
2017-09-08,147.09901428222656
2017-09-11,149.91717529296875
2017-09-12,148.60020446777344
2017-09-13,147.42137145996094
2017-09-14,148.6739044189453
2017-09-15,149.57644653320312
2017-09-18,153.79452514648438
2017-09-19,154.99179077148438
2017-09-20,152.1367645263672
2017-09-21,152.67095947265625
2017-09-22,152.845947265625
2017-09-25,149.2080535888672
2017-09-26,149.99090576171875
2017-09-27,153.74847412109375
2017-09-28,157.0179901123047
2017-09-29,157.67189025878906
2017-10-02,157.2113800048828
2017-10-03,156.9903564453125
2017-10-04,157.66265869140625
2017-10-05,155.20364379882812
2017-10-06,156.05096435546875
2017-10-09,156.6956329345703
2017-10-10,157.65342712402344
2017-10-11,159.2375030517578
2017-10-12,159.8914337158203
2017-10-13,162.36892700195312
2017-10-16,162.635986328125
2017-10-17,162.40567016601562
2017-10-18,158.15997314453125
2017-10-19,162.11102294921875
2017-10-20,161.37420654296875
2017-10-23,163.9990234375
2017-10-24,164.33056640625
2017-10-25,163.34510803222656
2017-10-26,163.768798828125
2017-10-27,164.791015625
2017-10-30,163.87010192871094
2017-10-31,166.4672088623047
2017-11-01,167.06585693359375
2017-11-02,167.84869384765625
2017-11-03,169.99461364746094
2017-11-06,170.3077392578125
2017-11-07,169.0183563232422
2017-11-08,167.16720581054688
2017-11-09,163.9437255859375
2017-11-10,165.4080810546875
2017-11-13,164.71739196777344
2017-11-14,166.08961486816406
2017-11-15,163.85166931152344
2017-11-16,167.42503356933594
2017-11-17,166.0804443359375
2017-11-20,167.18560791015625
2017-11-21,170.72216796875
2017-11-22,168.53945922851562
2017-11-24,171.64312744140625
2017-11-27,170.12351989746094
2017-11-28,169.72752380371094
2017-11-29,158.8138427734375
2017-11-30,161.65049743652344
2017-12-01,158.80470275878906
2017-12-04,155.94967651367188
2017-12-05,157.02716064453125
2017-12-06,157.18373107910156
2017-12-07,158.5652618408203
2017-12-08,158.3902587890625
2017-12-11,161.2913055419922
2017-12-12,158.5560302734375
2017-12-13,159.6611328125
2017-12-14,158.32577514648438
2017-12-15,160.06646728515625
2017-12-18,162.43331909179688
2017-12-19,163.04116821289062
2017-12-20,161.3281707763672
2017-12-21,160.7479248046875
2017-12-22,161.37420654296875
2017-12-26,159.41249084472656
2017-12-27,160.28746032714844
2017-12-28,160.43482971191406
2017-12-29,160.0848388671875
2018-01-02,163.68585205078125
2018-01-03,164.92921447753906
2018-01-04,166.4672088623047
2018-01-05,168.41970825195312
2018-01-08,169.30384826660156
2018-01-09,168.39208984375
2018-01-10,166.43038940429688
2018-01-11,164.44113159179688
2018-01-12,166.57774353027344
2018-01-16,171.65235900878906
2018-01-17,183.44093322753906
2018-01-18,187.2906036376953
2018-01-19,189.27993774414062
2018-01-22,189.29833984375
2018-01-23,189.19705200195312
2018-01-24,186.26832580566406
2018-01-25,184.96051025390625
2018-01-26,190.1916961669922
2018-01-29,187.8983917236328
2018-01-30,184.40794372558594
2018-01-31,186.92222595214844
2018-02-01,185.50390625
2018-02-02,179.19517517089844
2018-02-05,171.92860412597656
2018-02-06,178.7715606689453
2018-02-07,172.3615264892578
2018-02-08,165.6844482421875
2018-02-09,169.15652465820312
2018-02-12,171.6155242919922
2018-02-13,170.60243225097656
2018-02-14,176.2204132080078
2018-02-15,179.49908447265625
2018-02-16,177.04005432128906
2018-02-20,180.0701141357422
2018-02-21,179.04782104492188
2018-02-22,178.01632690429688
2018-02-23,181.26742553710938
2018-02-26,184.96975708007812
2018-02-27,181.83839416503906
2018-02-28,179.95037841796875
2018-03-01,176.76380920410156
2018-03-02,178.2742156982422
2018-03-05,182.676513671875
2018-03-06,186.81167602539062
2018-03-07,189.76806640625
2018-03-08,188.81947326660156
2018-03-09,192.862548828125
2018-03-12,194.6032257080078
2018-03-13,191.5823516845703
2018-03-14,194.8150177001953
2018-03-15,197.49505615234375
2018-03-16,197.14511108398438
2018-03-19,195.9385986328125
2018-03-20,195.8004913330078
2018-03-21,196.84120178222656
2018-03-22,188.54312133789062
2018-03-23,183.37646484375
2018-03-26,191.05740356445312
2018-03-27,184.4632110595703
2018-03-28,179.15838623046875
2018-03-29,182.86988830566406
2018-04-02,177.7952880859375
2018-04-03,183.67120361328125
2018-04-04,182.59361267089844
2018-04-05,182.9804229736328
2018-04-06,179.25042724609375
2018-04-09,182.84228515625
2018-04-10,189.30755615234375
2018-04-11,189.30755615234375
2018-04-12,189.94300842285156
2018-04-13,189.39964294433594
2018-04-16,190.3666534423828
2018-04-17,195.892578125
2018-04-18,190.0167236328125
2018-04-19,179.68333435058594
2018-04-20,177.7676544189453
2018-04-23,176.20199584960938
2018-04-24,178.71629333496094
2018-04-25,176.51515197753906
2018-04-26,180.21751403808594
2018-04-27,178.16224670410156
2018-04-30,175.0960693359375
2018-05-01,177.8741912841797
2018-05-02,176.85215759277344
2018-05-03,179.09136962890625
2018-05-04,181.65579223632812
2018-05-07,181.07044982910156
2018-05-08,180.13197326660156
2018-05-09,183.92288208007812
2018-05-10,186.8218231201172
2018-05-11,184.71266174316406
2018-05-14,187.63009643554688
2018-05-15,185.76255798339844
2018-05-16,188.5035400390625
2018-05-17,188.03897094726562
2018-05-18,183.35609436035156
2018-05-21,188.15972900390625
2018-05-22,188.1876220703125
2018-05-23,186.01341247558594
2018-05-24,186.59878540039062
2018-05-25,186.8496551513672
2018-05-29,181.7394256591797
2018-05-30,183.1331329345703
2018-05-31,182.71498107910156
2018-06-01,187.8345489501953
2018-06-04,189.4698486328125
2018-06-05,194.4871826171875
2018-06-06,198.47315979003906
2018-06-07,192.85189819335938
2018-06-08,192.74969482421875
2018-06-11,194.98887634277344
2018-06-12,194.50575256347656
2018-06-13,198.60324096679688
2018-06-14,200.59158325195312
2018-06-15,199.5974578857422
2018-06-18,196.1410369873047
2018-06-19,191.56971740722656
2018-06-20,190.93788146972656
2018-06-21,189.7671356201172
2018-06-22,191.7462158203125
2018-06-25,182.71498107910156
2018-06-26,183.94146728515625
2018-06-27,180.15988159179688
2018-06-28,179.86256408691406
2018-06-29,183.94146728515625
2018-07-02,181.41419982910156
2018-07-03,177.90203857421875
2018-07-05,182.10179138183594
2018-07-06,183.3374786376953
2018-07-09,185.0006866455078
2018-07-10,185.29803466796875
2018-07-11,179.87181091308594
2018-07-12,185.20510864257812
2018-07-13,185.07501220703125
2018-07-16,185.9019012451172
2018-07-17,189.86004638671875
2018-07-18,202.4591827392578
2018-07-19,200.00624084472656
2018-07-20,204.23387145996094
2018-07-23,205.1351318359375
2018-07-24,198.55677795410156
2018-07-25,203.45333862304688
2018-07-26,201.29774475097656
2018-07-27,198.1851348876953
2018-07-30,199.30010986328125
2018-07-31,198.8355712890625
2018-08-01,198.751953125
2018-08-02,200.5265655517578
2018-08-03,199.5602569580078
2018-08-06,198.43603515625
2018-08-07,198.4267120361328
2018-08-08,197.90646362304688
2018-08-09,194.34780883789062
2018-08-10,189.44195556640625
2018-08-13,190.19451904296875
2018-08-14,191.0400848388672
2018-08-15,183.17031860351562
2018-08-16,183.83924865722656
2018-08-17,183.3839569091797
2018-08-20,185.35372924804688
2018-08-21,186.2828826904297
2018-08-22,186.58023071289062
2018-08-23,185.4001922607422
2018-08-24,188.59645080566406
2018-08-27,193.8088836669922
2018-08-28,192.04354858398438
2018-08-29,192.16432189941406
2018-08-30,190.65916442871094
2018-08-31,190.51979064941406
2018-09-04,185.3444366455078
2018-09-05,181.29342651367188
2018-09-06,171.37953186035156
2018-09-07,168.05319213867188
2018-09-10,172.51304626464844
2018-09-11,170.37599182128906
2018-09-12,162.9429473876953
2018-09-13,169.10311889648438
2018-09-14,171.28660583496094
2018-09-17,170.1159210205078
2018-09-18,173.34930419921875
2018-09-19,175.653564453125
2018-09-20,177.92062377929688
2018-09-21,175.0774688720703
2018-09-24,177.90203857421875
2018-09-25,176.73138427734375
2018-09-26,175.4212646484375
2018-09-27,175.36553955078125
2018-09-28,174.69659423828125
2018-10-01,176.61053466796875
2018-10-02,176.6848907470703
2018-10-03,178.2179412841797
2018-10-04,174.17623901367188
2018-10-05,170.7663116455078
2018-10-08,168.8057861328125
2018-10-09,169.98580932617188
2018-10-10,159.73741149902344
2018-10-11,159.60733032226562
2018-10-12,161.93020629882812
2018-10-15,161.06610107421875
2018-10-16,168.8429718017578
2018-10-17,171.8998260498047
2018-10-18,163.9370880126953
2018-10-19,163.3052978515625
2018-10-22,163.83493041992188
2018-10-23,160.69442749023438
2018-10-24,146.95249938964844
2018-10-25,157.0615234375
2018-10-26,154.4320526123047
2018-10-29,151.7932586669922
2018-10-30,156.78274536132812
2018-10-31,160.14622497558594
2018-11-01,163.26817321777344
2018-11-02,162.58984375
2018-11-05,160.6107940673828
2018-11-06,164.85696411132812
2018-11-07,164.84768676757812
2018-11-08,162.58984375
2018-11-09,163.06370544433594
2018-11-12,157.02435302734375
2018-11-13,158.7803955078125
2018-11-14,160.49002075195312
2018-11-15,164.2623291015625
2018-11-16,157.0150146484375
2018-11-19,151.99766540527344
2018-11-20,149.89785766601562
2018-11-21,152.29498291015625
2018-11-23,152.0626983642578
2018-11-26,155.56558227539062
2018-11-27,155.5469970703125
2018-11-28,161.9580535888672
2018-11-29,159.36578369140625
2018-11-30,159.20785522460938
2018-12-03,165.07066345214844
2018-12-04,157.61898803710938
2018-12-06,154.56211853027344
2018-12-07,148.22540283203125
2018-12-10,149.97216796875
2018-12-11,150.02792358398438
2018-12-12,153.51219177246094
2018-12-13,152.46226501464844
2018-12-14,149.6190948486328
2018-12-17,149.21951293945312
2018-12-18,151.05923461914062
2018-12-19,142.97576904296875
2018-12-20,141.8607940673828
2018-12-21,137.9305419921875
2018-12-24,134.73426818847656
2018-12-26,142.08377075195312
2018-12-27,143.44960021972656
2018-12-28,144.10000610351562
2018-12-31,144.5924530029297
2019-01-02,145.22427368164062
2019-01-03,137.21511840820312
2019-01-04,143.15232849121094
2019-01-07,146.42286682128906
2019-01-08,145.34507751464844
2019-01-09,151.37518310546875
2019-01-10,151.08717346191406
2019-01-11,150.5389404296875
2019-01-14,147.44491577148438
2019-01-15,147.94667053222656
2019-01-16,146.1348419189453
2019-01-17,146.3763885498047
2019-01-18,151.1707763671875
2019-01-22,148.197509765625
2019-01-23,150.6318817138672
2019-01-24,156.93141174316406
2019-01-25,164.1415557861328
2019-01-28,161.8093719482422
2019-01-29,162.23680114746094
2019-01-30,164.6339874267578
2019-01-31,162.62701416015625
2019-02-01,165.76754760742188
2019-02-04,166.83604431152344
2019-02-05,168.7407684326172
2019-02-06,173.6186981201172
2019-02-07,168.2669219970703
2019-02-08,168.23904418945312
2019-02-11,165.86972045898438
2019-02-12,169.83712768554688
2019-02-13,169.39111328125
2019-02-14,171.2680206298828
2019-02-15,171.30514526367188
2019-02-19,169.5305633544922
2019-02-20,170.82203674316406
2019-02-21,169.59556579589844
2019-02-22,171.788330078125
2019-02-25,173.73951721191406
2019-02-26,172.22508239746094
2019-02-27,171.07290649414062
2019-02-28,169.9114532470703
2019-03-01,171.99273681640625
2019-03-04,172.50376892089844
2019-03-05,171.45382690429688
2019-03-06,168.32264709472656
2019-03-07,164.94061279296875
2019-03-08,166.1670684814453
2019-03-11,168.25762939453125
2019-03-12,169.57696533203125
2019-03-13,169.59556579589844
2019-03-14,170.3017120361328
2019-03-15,179.14712524414062
2019-03-18,177.13092041015625
2019-03-19,177.288818359375
2019-03-20,177.59548950195312
2019-03-21,180.58726501464844
2019-03-22,174.44566345214844
2019-03-25,173.12631225585938
2019-03-26,174.0182647705078
2019-03-27,171.0171661376953
2019-03-28,171.14724731445312
2019-03-29,174.72439575195312
2019-04-01,178.84048461914062
2019-04-02,180.1041259765625
2019-04-03,183.72779846191406
2019-04-04,184.32241821289062
2019-04-05,187.11907958984375
2019-04-08,189.13536071777344
2019-04-09,187.2863311767578
2019-04-10,185.6325225830078
2019-04-11,183.88571166992188
2019-04-12,188.44781494140625
2019-04-15,185.67893981933594
2019-04-16,189.1910858154297
2019-04-17,188.94955444335938
2019-04-18,191.31881713867188
2019-04-22,190.94715881347656
2019-04-23,190.7427215576172
2019-04-24,190.85427856445312
2019-04-25,191.59754943847656
2019-04-26,194.77101135253906
2019-04-29,194.02845764160156
2019-04-30,196.2938995361328
2019-05-01,194.0096435546875
2019-05-02,193.57723999023438
2019-05-03,196.16226196289062
2019-05-06,192.86280822753906
2019-05-07,188.65155029296875
2019-05-08,189.34713745117188
2019-05-09,187.0535125732422
2019-05-10,186.8185272216797
2019-05-13,179.01641845703125
2019-05-14,186.16049194335938
2019-05-15,188.59515380859375
2019-05-16,190.0146026611328
2019-05-17,189.1309814453125
2019-05-20,179.05398559570312
2019-05-21,182.12783813476562
2019-05-22,180.041015625
2019-05-23,179.1855926513672
2019-05-24,178.41476440429688
2019-05-28,179.53343200683594
2019-05-29,177.24917602539062
2019-05-30,178.4994354248047
2019-05-31,176.769775390625
2019-06-03,175.7639617919922
2019-06-04,179.03521728515625
2019-06-05,178.0387725830078
2019-06-06,181.19723510742188
2019-06-07,184.82565307617188
2019-06-10,186.36729431152344
2019-06-11,188.09695434570312
2019-06-12,185.01373291015625
2019-06-13,186.05711364746094
2019-06-14,180.50161743164062
2019-06-17,178.264404296875
2019-06-18,183.0396728515625
2019-06-19,185.01373291015625
2019-06-20,189.56336975097656
2019-06-21,190.1367950439453
2019-06-24,190.635009765625
2019-06-25,187.1005096435547
2019-06-26,192.1295928955078
2019-06-27,192.693603515625
2019-06-28,195.457275390625
2019-07-01,202.07496643066406
2019-07-02,201.55795288085938
2019-07-03,201.0033416748047
2019-07-05,197.16806030273438
2019-07-08,195.55125427246094
2019-07-09,194.21646118164062
2019-07-10,195.63587951660156
2019-07-11,196.2186737060547
2019-07-12,195.69224548339844
2019-07-15,194.35740661621094
2019-07-16,192.70303344726562
2019-07-17,204.61300659179688
2019-07-18,213.05435180664062
2019-07-19,210.20608520507812
2019-07-22,214.0789337158203
2019-07-23,216.40081787109375
2019-07-24,220.01988220214844
2019-07-25,216.25038146972656
2019-07-26,217.0023651123047
2019-07-29,217.11517333984375
2019-07-30,214.6429443359375
2019-07-31,209.44467163085938
2019-08-01,208.15684509277344
2019-08-02,206.7186279296875
2019-08-05,199.4053192138672
2019-08-06,201.999755859375
2019-08-07,202.7611846923828
2019-08-08,206.83145141601562
2019-08-09,203.03379821777344
2019-08-12,201.586181640625
2019-08-13,206.0511932373047
2019-08-14,196.1998748779297
2019-08-15,197.271484375
2019-08-16,200.08218383789062
2019-08-19,202.75180053710938
2019-08-20,201.81173706054688
2019-08-21,204.01138305664062
2019-08-22,202.3475341796875
2019-08-23,197.87310791015625
2019-08-26,201.15374755859375
2019-08-27,201.22894287109375
2019-08-28,202.80821228027344
2019-08-29,206.55882263183594
2019-08-30,209.2566680908203
2019-09-03,206.82205200195312
2019-09-04,213.6371307373047
2019-09-05,222.86810302734375
2019-09-06,224.2499237060547
2019-09-09,226.85377502441406
2019-09-10,227.17335510253906
2019-09-11,230.5292205810547
2019-09-12,232.0238494873047
2019-09-13,234.0542755126953
2019-09-16,231.44102478027344
2019-09-17,233.21766662597656
2019-09-18,234.8062744140625
2019-09-19,234.61827087402344
2019-09-20,231.0462188720703
2019-09-23,233.57489013671875
2019-09-24,231.61021423339844
2019-09-25,232.6818389892578
2019-09-26,233.1612548828125
2019-09-27,229.0909881591797
2019-09-30,233.51844787597656
2019-10-01,230.67019653320312
2019-10-02,225.87611389160156
2019-10-03,229.69256591796875
2019-10-04,231.28126525878906
2019-10-07,232.5784454345703
2019-10-08,227.55874633789062
2019-10-09,231.49745178222656
2019-10-10,236.40432739257812
2019-10-11,244.40383911132812
2019-10-14,245.9454803466797
2019-10-15,251.49154663085938
2019-10-16,239.20558166503906
2019-10-17,238.53814697265625
2019-10-18,239.15855407714844
2019-10-21,244.8080291748047
2019-10-22,239.976318359375
2019-10-23,242.20419311523438
2019-10-24,249.07574462890625
2019-10-25,248.15451049804688
2019-10-28,250.52334594726562
2019-10-29,248.7279510498047
2019-10-30,249.71495056152344
2019-10-31,246.2556610107422
2019-11-01,254.3680419921875
2019-11-04,257.9083557128906
2019-11-05,256.6054382324219
2019-11-06,253.71653747558594
2019-11-07,252.68756103515625
2019-11-08,252.34762573242188
2019-11-11,251.8095245361328
2019-11-12,252.63076782226562
2019-11-13,254.83059692382812
2019-11-14,254.65118408203125
2019-11-15,259.5983581542969
2019-11-18,258.1821594238281
2019-11-19,256.369384765625
2019-11-20,253.83929443359375
2019-11-21,252.1021270751953
2019-11-22,251.33743286132812
2019-11-25,255.99179077148438
2019-11-26,256.2939758300781
2019-11-27,256.3033752441406
2019-11-29,255.4914093017578
2019-12-02,250.74266052246094
2019-12-03,250.0346221923828
2019-12-04,254.6795654296875
2019-12-05,258.5314636230469
2019-12-06,264.4320983886719
2019-12-09,262.0057373046875
2019-12-10,263.5068359375
2019-12-11,268.1612243652344
2019-12-12,271.1824035644531
2019-12-13,273.6842346191406
2019-12-16,276.592041015625
2019-12-17,278.3575134277344
2019-12-18,275.8273010253906
2019-12-19,275.50628662109375
2019-12-20,277.1773376464844
2019-12-23,279.58489990234375
2019-12-24,278.4424743652344
2019-12-26,279.77362060546875
2019-12-27,280.085205078125
2019-12-30,278.40472412109375
2019-12-31,279.3959045410156
2020-01-02,285.9007873535156
2020-01-03,281.29364013671875
2020-01-06,279.0561218261719
2020-01-07,282.0867004394531
2020-01-08,285.01336669921875
2020-01-09,284.5318908691406
2020-01-10,279.6225280761719
2020-01-13,284.59796142578125
2020-01-14,285.636474609375
2020-01-15,283.3045654296875
2020-01-16,284.2486267089844
2020-01-17,283.26678466796875
2020-01-21,281.71844482421875
2020-01-22,279.68865966796875
2020-01-23,277.8665771484375
2020-01-24,279.2921447753906
2020-01-27,268.38775634765625
2020-01-28,273.95794677734375
2020-01-29,279.58489990234375
2020-01-30,277.9232482910156
2020-01-31,264.9702453613281
2020-02-03,272.0509033203125
2020-02-04,282.5021057128906
2020-02-05,289.1957702636719
2020-02-06,292.2450866699219
2020-02-07,287.92120361328125
2020-02-10,292.36785888671875
2020-02-11,298.3440246582031
2020-02-12,299.6941223144531
2020-02-13,299.51470947265625
2020-02-14,298.6177978515625
2020-02-18,291.89581298828125
2020-02-19,299.64691162109375
2020-02-20,295.9459533691406
2020-02-21,288.89361572265625
2020-02-24,274.1656494140625
2020-02-25,268.68048095703125
2020-02-26,270.31378173828125
2020-02-27,261.73193359375
2020-02-28,261.2409362792969
2020-03-02,271.41839599609375
2020-03-03,268.40667724609375
2020-03-04,284.74908447265625
2020-03-05,272.1358642578125
2020-03-06,272.00372314453125
2020-03-09,249.1565704345703
2020-03-10,264.12054443359375
2020-03-11,249.37374877929688
2020-03-12,227.29129028320312
2020-03-13,242.585693359375
2020-03-16,216.5380096435547
2020-03-17,225.01597595214844
2020-03-18,185.97760009765625
2020-03-19,202.0649871826172
2020-03-20,204.01930236816406
2020-03-23,220.11618041992188
2020-03-24,245.6634063720703
2020-03-25,247.41943359375
2020-03-26,260.47625732421875
2020-03-27,238.4977264404297
2020-03-30,253.0462646484375
2020-03-31,247.01353454589844
2020-04-01,235.08953857421875
2020-04-02,233.4562225341797
2020-04-03,230.935546875
2020-04-06,255.972900390625
2020-04-07,257.3513488769531
2020-04-08,263.0064697265625
2020-04-09,261.33538818359375
2020-04-13,258.7768859863281
2020-04-14,272.7779235839844
2020-04-15,266.69793701171875
2020-04-16,276.05389404296875
2020-04-17,279.1221618652344
2020-04-20,275.2797546386719
2020-04-21,265.37615966796875
2020-04-22,278.4801940917969
2020-04-23,273.2215576171875
2020-04-24,276.9203186035156
2020-04-27,276.02838134765625
2020-04-28,276.5218200683594
2020-04-29,288.1834716796875
2020-04-30,273.6846923828125
2020-05-01,264.793701171875
2020-05-04,268.7030029296875
2020-05-05,273.6087951660156
2020-05-06,276.9772644042969
2020-05-07,284.274169921875
2020-05-08,288.8382568359375
2020-05-11,288.82879638671875
2020-05-12,281.4653625488281
2020-05-13,279.18817138671875
2020-05-14,287.0827941894531
2020-05-15,277.5845642089844
2020-05-18,289.3031921386719
2020-05-19,290.5936279296875
2020-05-20,308.9923400878906
2020-05-21,302.6822814941406
2020-05-22,303.0334167480469
2020-05-26,303.50787353515625
2020-05-27,302.2458801269531
2020-05-28,303.6121520996094
2020-05-29,312.6645812988281
2020-06-01,310.0267028808594
2020-06-02,317.61767578125
2020-06-03,328.5961608886719
2020-06-04,335.05792236328125
2020-06-05,338.9578857421875
2020-06-08,331.3954162597656
2020-06-09,331.47119140625
2020-06-10,330.1333923339844
2020-06-11,315.87176513671875
2020-06-12,325.5312805175781
2020-06-15,332.1165771484375
2020-06-16,334.05224609375
2020-06-17,343.8826599121094
2020-06-18,340.53302001953125
2020-06-19,342.23162841796875
2020-06-22,345.66650390625
2020-06-23,347.8963623046875
2020-06-24,343.0950622558594
2020-06-25,347.8110046386719
2020-06-26,343.2658386230469
2020-06-29,346.159912109375
2020-06-30,349.21527099609375
2020-07-01,348.7977600097656
2020-07-02,354.13995361328125
2020-07-06,365.754150390625
2020-07-07,362.4901428222656
2020-07-08,371.8934326171875
2020-07-09,374.5408935546875
2020-07-10,375.6130676269531
2020-07-13,368.75262451171875
2020-07-14,376.5429382324219
2020-07-15,356.2369384765625
2020-07-16,365.5264587402344
2020-07-17,363.9798278808594
2020-07-20,371.4664611816406
2020-07-21,364.1980895996094
2020-07-22,372.5291748046875
2020-07-23,364.5871276855469
2020-07-24,348.8832092285156
2020-07-27,362.2623596191406
2020-07-28,357.1193542480469
2020-07-29,345.9795837402344
2020-07-30,344.1861877441406
2020-07-31,335.6368103027344
2020-08-03,347.86785888671875
2020-08-04,351.39776611328125
2020-08-05,349.6707763671875
2020-08-06,350.3539123535156
2020-08-07,347.3554992675781
2020-08-10,346.72918701171875
2020-08-11,342.8388671875
2020-08-12,355.648681640625
2020-08-13,355.6011657714844
2020-08-14,352.12835693359375
2020-08-17,359.15948486328125
2020-08-18,357.93536376953125
2020-08-19,355.77203369140625
2020-08-20,353.1436462402344
2020-08-21,353.0961608886719
2020-08-24,358.666015625
2020-08-25,361.36090087890625
2020-08-26,366.1907043457031
2020-08-27,356.9866027832031
2020-08-28,360.0704345703125
2020-08-31,355.0508117675781
2020-09-01,367.1206359863281
2020-09-02,378.1180725097656
2020-09-03,356.9296875
2020-09-04,348.636474609375
2020-09-08,329.592529296875
2020-09-09,340.9979248046875
2020-09-10,338.7491455078125
2020-09-11,340.86517333984375
2020-09-14,349.12982177734375
2020-09-15,351.3218078613281
2020-09-16,343.8541259765625
2020-09-17,347.9911804199219
2020-09-18,347.6117248535156
2020-09-21,344.08184814453125
2020-09-22,345.99859619140625
2020-09-23,339.2804870605469
2020-09-24,341.7476501464844
2020-09-25,342.05126953125
2020-09-28,352.09039306640625
2020-09-29,354.88006591796875
2020-09-30,350.39190673828125
2020-10-01,362.4805603027344
2020-10-02,351.0845947265625
2020-10-05,362.5754699707031
2020-10-06,351.1889343261719
2020-10-07,356.5881042480469
2020-10-08,361.41790771484375
2020-10-09,369.10369873046875
2020-10-12,378.6400146484375
2020-10-13,384.4375915527344
2020-10-14,377.6815490722656
2020-10-15,366.8074645996094
2020-10-16,367.1206359863281
2020-10-19,365.6119384765625
2020-10-20,365.2798767089844
2020-10-21,363.4200439453125
2020-10-22,356.30340576171875
2020-10-23,359.2069396972656
2020-10-26,348.7029113769531
2020-10-27,347.64007568359375
2020-10-28,344.3096008300781
2020-10-29,351.9006042480469
2020-10-30,342.743896484375
2020-11-02,347.8839416503906
2020-11-03,354.408935546875
2020-11-04,364.8300476074219
2020-11-05,379.29931640625
2020-11-06,386.96746826171875
2020-11-09,387.0531311035156
2020-11-10,380.356689453125
2020-11-11,398.2171325683594
2020-11-12,393.1399841308594
2020-11-13,399.68402099609375
2020-11-16,406.2757873535156
2020-11-17,406.2472839355469
2020-11-18,403.7038879394531
2020-11-19,403.2752380371094
2020-11-20,403.4942932128906
2020-11-23,406.8854064941406
2020-11-24,404.14202880859375
2020-11-25,403.38946533203125
2020-11-27,417.0016174316406
2020-11-30,416.9634704589844
2020-12-01,427.9273986816406
2020-12-02,429.6039123535156
2020-12-03,431.4138488769531
2020-12-04,442.3586730957031
2020-12-07,447.4454345703125
2020-12-08,446.3404235839844
2020-12-09,431.4042663574219
2020-12-10,436.0813903808594
2020-12-11,431.1566162109375
2020-12-14,431.49951171875
2020-12-15,447.0357666015625
2020-12-16,449.159912109375
2020-12-17,454.65618896484375
2020-12-18,454.59906005859375
2020-12-21,449.8553161621094
2020-12-22,453.5893249511719
2020-12-23,452.1033630371094
2020-12-24,460.1716003417969
2020-12-28,457.4567565917969
2020-12-29,461.0479431152344
2020-12-30,466.6680603027344
2020-12-31,464.5819396972656
2021-01-04,476.27935791015625
2021-01-05,481.385009765625
2021-01-06,466.9632873535156
2021-01-07,477.6414794921875
2021-01-08,484.604736328125
2021-01-11,483.8521728515625
2021-01-12,489.54852294921875
2021-01-13,489.67230224609375
2021-01-14,518.81103515625
2021-01-15,502.47467041015625
2021-01-19,523.4309692382812
2021-01-20,523.316650390625
2021-01-21,543.663330078125
2021-01-22,542.4343872070312
2021-01-25,540.6817016601562
2021-01-26,522.95458984375
2021-01-27,499.7408447265625
2021-01-28,521.2590942382812
2021-01-29,508.8186340332031
2021-02-01,528.089111328125
2021-02-02,527.2412109375
2021-02-03,517.153564453125
2021-02-04,529.0890502929688
2021-02-05,526.5838623046875
2021-02-08,537.2430419921875
2021-02-09,538.6719970703125
2021-02-10,539.9959106445312
2021-02-11,563.4479370117188
2021-02-12,569.62060546875
2021-02-16,574.5262451171875
2021-02-17,559.7045288085938
2021-02-18,554.84619140625
2021-02-19,566.200927734375
2021-02-22,551.0552368164062
2021-02-23,548.740478515625
2021-02-24,566.781982421875
2021-02-25,533.2138061523438
2021-02-26,540.1864013671875
2021-03-01,555.86572265625
2021-03-02,536.423828125
2021-03-03,517.8108520507812
2021-03-04,486.2811584472656
2021-03-05,502.0365295410156
2021-03-08,478.3654479980469
2021-03-09,513.9244384765625
2021-03-10,498.5024719238281
2021-03-11,518.572998046875
2021-03-12,512.1240844726562
2021-03-15,521.2305297851562
2021-03-16,523.316650390625
2021-03-17,533.023193359375
2021-03-18,513.6099853515625
2021-03-19,521.44970703125
2021-03-22,548.664306640625
2021-03-23,532.3563842773438
2021-03-24,551.1312866210938
2021-03-25,556.2942504882812
2021-03-26,595.9872436523438
2021-03-29,579.1556396484375
2021-03-30,572.7639770507812
2021-03-31,588.0716552734375
2021-04-01,606.8750610351562
2021-04-05,610.1041870117188
2021-04-06,598.2068481445312
2021-04-07,596.8351440429688
2021-04-08,609.5231323242188
2021-04-09,604.2269897460938
2021-04-12,600.5216064453125
2021-04-13,599.273681640625
2021-04-14,601.0551147460938
2021-04-15,611.6284790039062
2021-04-16,615.0576782226562
2021-04-19,600.2166137695312
2021-04-20,587.671630859375
2021-04-21,624.3926391601562
2021-04-22,616.39111328125
2021-04-23,639.0812377929688
2021-04-26,638.633544921875
2021-04-27,640.8909301757812
2021-04-28,633.775390625
2021-04-29,631.0509643554688
2021-04-30,617.3532104492188
2021-05-03,625.1868286132812
2021-05-04,600.8931274414062
2021-05-05,613.1976318359375
2021-05-06,615.5477905273438
2021-05-07,629.1419067382812
2021-05-10,599.2308959960938
2021-05-11,602.4788208007812
2021-05-12,574.98486328125
2021-05-13,595.2470703125
2021-05-14,618.8148803710938
2021-05-17,606.95947265625
2021-05-18,603.9407958984375
2021-05-19,602.5936889648438
2021-05-20,619.7796630859375
2021-05-21,610.656494140625
2021-05-24,629.5049438476562
2021-05-25,642.2487182617188
2021-05-26,636.020263671875
2021-05-27,635.37060546875
2021-05-28,645.28662109375
2021-06-01,641.780517578125
2021-06-02,643.9683837890625
2021-06-03,636.1348266601562
2021-06-04,652.7669677734375
2021-06-07,651.505859375
2021-06-08,650.3115234375
2021-06-09,652.0884399414062
2021-06-10,668.6632080078125
2021-06-11,665.88330078125
2021-06-14,677.6337280273438
2021-06-15,670.4210815429688
2021-06-16,667.8129272460938
2021-06-17,667.6028442382812
2021-06-18,641.0833129882812
2021-06-21,650.2353515625
2021-06-22,655.1646118164062
2021-06-23,651.1905517578125
2021-06-24,663.9439697265625
2021-06-25,655.5467529296875
2021-06-28,672.6468505859375
2021-06-29,672.236083984375
2021-06-30,659.9699096679688
2021-07-01,648.9549560546875
2021-07-02,656.8173217773438
2021-07-06,655.2219848632812
2021-07-07,659.33935546875
2021-07-08,643.586181640625
2021-07-09,660.466552734375
2021-07-12,676.1815795898438
2021-07-13,674.8535766601562
2021-07-14,684.4927368164062
2021-07-15,672.4844970703125
2021-07-16,656.7027587890625
2021-07-19,653.435546875
2021-07-20,653.4832763671875
2021-07-21,688.7822265625
2021-07-22,697.3035888671875
2021-07-23,714.7094116210938
2021-07-26,720.3936157226562
2021-07-27,712.2828979492188
2021-07-28,725.90576171875
2021-07-29,731.4943237304688
2021-07-30,732.478271484375
2021-08-02,735.2581787109375
2021-08-03,744.69677734375
2021-08-04,759.93408203125
2021-08-05,759.2366333007812
2021-08-06,748.279052734375
2021-08-09,753.4378662109375
2021-08-10,754.0205688476562
2021-08-11,753.9537963867188
2021-08-12,746.1679077148438
2021-08-13,753.7054443359375
2021-08-16,752.1672973632812
2021-08-17,741.8594360351562
2021-08-18,737.93310546875
2021-08-19,746.5883178710938
2021-08-20,752.9602661132812
2021-08-23,775.3527221679688
2021-08-24,769.6111450195312
2021-08-25,771.7703857421875
2021-08-26,774.7030639648438
2021-08-27,795.700927734375
2021-08-30,802.0729370117188
2021-08-31,795.815673828125
2021-09-01,804.53759765625
2021-09-02,822.7938232421875
2021-09-03,819.765380859375
2021-09-07,823.2619018554688
2021-09-08,819.6508178710938
2021-09-09,815.3612670898438
2021-09-10,820.4913330078125
2021-09-13,832.3086547851562
2021-09-14,848.386474609375
2021-09-15,849.59033203125
2021-09-16,847.6605834960938
2021-09-17,821.4276123046875
2021-09-20,803.1715087890625
2021-09-21,816.5363159179688
2021-09-22,826.09912109375
2021-09-23,840.4671630859375
2021-09-24,829.9969482421875
2021-09-27,797.9844360351562
2021-09-28,745.3081665039062
2021-09-29,716.887451171875
2021-09-30,711.8147583007812
2021-10-01,708.6622924804688
2021-10-04,681.0823974609375
2021-10-05,700.1217041015625
2021-10-06,699.768310546875
2021-10-07,713.4482421875
2021-10-08,697.6380004882812
2021-10-11,689.6323852539062
2021-10-12,692.6512451171875
2021-10-13,711.1557006835938
2021-10-14,743.5121459960938
2021-10-15,754.125732421875
2021-10-18,752.9984130859375
2021-10-19,765.169189453125
2021-10-20,733.3953857421875
2021-10-21,752.3679809570312
2021-10-22,765.1787109375
2021-10-25,753.20849609375
2021-10-26,755.8739013671875
2021-10-27,765.2074584960938
2021-10-28,776.8527221679688
2021-10-29,776.5565185546875
2021-11-01,771.369140625
2021-11-02,777.7421875
2021-11-03,794.9824829101562
2021-11-04,814.5882568359375
2021-11-05,811.2456665039062
2021-11-08,814.0518798828125
2021-11-09,814.1668090820312
2021-11-10,783.3261108398438
2021-11-11,798.2102661132812
2021-11-12,815.68017578125
2021-11-15,820.5552978515625
2021-11-16,824.2235717773438
2021-11-17,823.179443359375
2021-11-18,842.009765625
2021-11-19,820.9862670898438
2021-11-22,790.8927001953125
2021-11-23,773.3939208984375
2021-11-24,768.518798828125
2021-11-26,749.0086669921875
2021-11-29,780.6060791015625
2021-11-30,758.0980224609375
2021-12-01,770.060791015625
2021-12-02,756.0580444335938
2021-12-03,738.9517822265625
2021-12-06,724.4606323242188
2021-12-07,771.9859619140625
2021-12-08,769.9841918945312
2021-12-09,739.9957885742188
2021-12-10,748.8363037109375
2021-12-13,732.199462890625
2021-12-14,722.544921875
2021-12-15,758.7778930664062
2021-12-16,723.129150390625
2021-12-17,718.2157592773438
2021-12-20,721.0985717773438
2021-12-21,749.9854736328125
2021-12-22,758.6822509765625
2021-12-23,767.5799560546875
2021-12-27,777.1771240234375
2021-12-28,770.7984008789062
2021-12-29,768.1261596679688
2021-12-30,766.4403076171875
2021-12-31,762.532470703125
2022-01-03,763.8255615234375
2022-01-04,746.298095703125
2022-01-05,714.193115234375
2022-01-06,730.9065551757812
2022-01-07,724.1828002929688
2022-01-10,696.4739990234375
2022-01-11,698.3799438476562
2022-01-12,710.8408813476562
2022-01-13,699.2611083984375
2022-01-14,713.1011962890625
2022-01-18,685.0379638671875
2022-01-19,669.3207397460938
2022-01-20,676.63818359375
2022-01-21,665.4033813476562
2022-01-24,658.4020385742188
2022-01-25,621.1919555664062
2022-01-26,625.6838989257812
2022-01-27,607.869140625
2022-01-28,617.7438354492188
2022-01-31,648.6134033203125
2022-02-01,652.712646484375
2022-02-02,657.7603149414062
2022-02-03,618.6634521484375
2022-02-04,625.2529296875
2022-02-07,622.59033203125
2022-02-08,625.885009765625
2022-02-09,651.649658203125
2022-02-10,629.1511840820312
2022-02-11,601.7200927734375
2022-02-14,601.4039306640625
2022-02-15,628.700927734375
2022-02-16,635.8364868164062
2022-02-17,622.9735107421875
2022-02-18,620.4830932617188
2022-02-22,613.2423095703125
2022-02-23,605.0628662109375
2022-02-24,629.1128540039062
2022-02-25,638.9586791992188
2022-02-28,638.3746337890625
2022-03-01,607.4380493164062
2022-03-02,627.7048950195312
2022-03-03,604.1624755859375
2022-03-04,569.2318725585938
2022-03-07,550.095458984375
2022-03-08,548.8502807617188
2022-03-09,595.1114501953125
2022-03-10,574.7391967773438
2022-03-11,561.1195678710938
2022-03-14,553.1699829101562
2022-03-15,571.511474609375
2022-03-16,623.1649780273438
2022-03-17,626.4884033203125
2022-03-18,651.1610717773438
2022-03-21,654.0823364257812
2022-03-22,659.6661987304688
2022-03-23,637.2731323242188
2022-03-24,661.390380859375
2022-03-25,658.344482421875
2022-03-28,665.4992065429688
2022-03-29,679.2052001953125
2022-03-30,655.6626586914062
2022-03-31,639.7346801757812
2022-04-01,639.5430297851562
2022-04-04,652.0900268554688
2022-04-05,619.1710205078125
2022-04-06,601.9786987304688
2022-04-07,598.9043579101562
2022-04-08,585.140869140625
2022-04-11,572.507568359375
2022-04-12,568.9254150390625
2022-04-13,586.8936157226562
2022-04-14,572.6321411132812
2022-04-18,580.0166625976562
2022-04-19,591.0984497070312
2022-04-20,607.1507568359375
2022-04-21,593.808837890625
2022-04-22,581.9608154296875
2022-04-25,574.4999389648438
2022-04-26,536.7724609375
2022-04-27,533.3724975585938
2022-04-28,565.611572265625
2022-04-29,539.9715576171875
2022-05-02,546.9826049804688
2022-05-03,550.3462524414062
2022-05-04,571.5239868164062
2022-05-05,544.0682373046875
2022-05-06,531.3676147460938
2022-05-09,494.3935546875
2022-05-10,504.7219543457031
2022-05-11,502.7257080078125
2022-05-12,503.748046875
2022-05-13,528.7830810546875
2022-05-16,515.8893432617188
2022-05-17,541.6187133789062
2022-05-18,509.4762268066406
2022-05-19,507.2583312988281
2022-05-20,513.8546752929688
2022-05-23,534.848876953125
2022-05-24,526.9602661132812
2022-05-25,528.5515747070312
2022-05-26,540.1144409179688
2022-05-27,562.5938720703125
2022-05-31,555.7564086914062
2022-06-01,543.5763549804688
2022-06-02,559.85498046875
2022-06-03,543.5668334960938
2022-06-06,551.3202514648438
2022-06-07,556.4507446289062
2022-06-08,547.2218627929688
2022-06-09,523.0836181640625
2022-06-10,502.94757080078125
2022-06-13,475.99346923828125
2022-06-14,473.6693115234375
2022-06-15,487.32476806640625
2022-06-16,451.46954345703125
2022-06-17,456.4842834472656
2022-06-21,476.7359924316406
2022-06-22,468.2013244628906
2022-06-23,468.2013244628906
2022-06-24,496.90093994140625
2022-06-27,489.93829345703125
2022-06-28,472.9364318847656
2022-06-29,467.3526916503906
2022-06-30,458.92413330078125
2022-07-01,433.80230712890625
2022-07-05,416.9933166503906
2022-07-06,413.5987548828125
2022-07-07,435.79852294921875
2022-07-08,436.8111572265625
2022-07-11,423.416015625
2022-07-12,419.0088806152344
2022-07-13,431.0827941894531
2022-07-14,440.6203308105469
2022-07-15,458.6829528808594
2022-07-18,456.6096496582031
2022-07-19,480.60302734375
2022-07-20,496.09088134765625
2022-07-21,522.9486694335938
2022-07-22,515.2239379882812
2022-07-25,519.7660522460938
2022-07-26,505.4934997558594
2022-07-27,526.7192993164062
2022-07-28,540.7316284179688
2022-07-29,553.9722900390625
2022-08-01,557.5501708984375
2022-08-02,545.4473876953125
2022-08-03,563.0567626953125
2022-08-04,568.8529663085938
2022-08-05,558.0745239257812
2022-08-08,553.6663818359375
2022-08-09,523.0805053710938
2022-08-10,547.1895751953125
2022-08-11,543.6710205078125
2022-08-12,556.7694702148438
2022-08-15,555.7833862304688
2022-08-16,547.7987060546875
2022-08-17,538.711669921875
2022-08-18,542.5977783203125
2022-08-19,527.09228515625
2022-08-22,502.74163818359375
2022-08-23,508.232421875
2022-08-24,507.93280029296875
2022-08-25,521.756103515625
2022-08-26,492.94915771484375
2022-08-29,483.2243347167969
2022-08-30,476.5928955078125
2022-08-31,473.61553955078125
2022-09-01,454.26263427734375
2022-09-02,451.62353515625
2022-09-06,454.26263427734375
2022-09-07,460.79730224609375
2022-09-08,466.6651306152344
2022-09-09,484.3070373535156
2022-09-12,488.1061096191406
2022-09-13,455.4033508300781
2022-09-14,462.17010498046875
2022-09-15,450.1348571777344
2022-09-16,451.68157958984375
2022-09-19,455.4129638671875
2022-09-20,446.56787109375
2022-09-21,439.7623291015625
2022-09-22,426.3448791503906
2022-09-23,421.6081848144531
2022-09-26,416.4557189941406
2022-09-27,418.85308837890625
2022-09-28,426.52850341796875
2022-09-29,413.52667236328125
2022-09-30,401.51080322265625
2022-10-03,417.2966613769531
2022-10-04,449.61285400390625
2022-10-05,453.65362548828125
2022-10-06,446.74188232421875
2022-10-07,419.7907409667969
2022-10-10,407.8329162597656
2022-10-11,386.2469482421875
2022-10-12,385.0578918457031
2022-10-13,391.892333984375
2022-10-14,366.4976501464844
2022-10-17,379.1514892578125
2022-10-18,385.6958923339844
2022-10-19,409.8919372558594
2022-10-20,422.70050048828125
2022-10-21,446.82879638671875
2022-10-24,457.2109680175781
2022-10-25,469.8164978027344
2022-10-26,467.96044921875
2022-10-27,458.60296630859375
2022-10-28,472.880859375
2022-10-31,456.6793212890625
2022-11-01,459.5406494140625
2022-11-02,431.45855712890625
2022-11-03,426.54278564453125
2022-11-04,454.50579833984375
2022-11-07,468.69091796875
2022-11-08,488.27667236328125
2022-11-09,474.57635498046875
2022-11-10,543.7373046875
2022-11-11,558.9114990234375
2022-11-14,560.2493896484375
2022-11-15,579.3019409179688
2022-11-16,559.1636352539062
2022-11-17,571.1185302734375
2022-11-18,575.1229248046875
2022-11-21,562.6443481445312
2022-11-22,578.080322265625
2022-11-23,585.4878540039062
2022-11-25,573.8433837890625
2022-11-28,565.6016845703125
2022-11-29,561.2191162109375
2022-11-30,589.6280517578125
2022-12-01,592.672607421875
2022-12-02,587.2913818359375
2022-12-05,582.5211181640625
2022-12-06,575.016357421875
2022-12-07,583.06396484375
2022-12-08,588.435546875
2022-12-09,579.5248413085938
2022-12-12,591.441162109375
2022-12-13,609.1653442382812
2022-12-14,597.1326904296875
2022-12-15,568.5104370117188
2022-12-16,556.8560180664062
2022-12-19,551.3195190429688
2022-12-20,546.0352783203125
2022-12-21,563.2939453125
2022-12-22,539.0445556640625
2022-12-23,534.6038208007812
2022-12-27,520.84521484375
2022-12-28,515.4736938476562
2022-12-29,534.7007446289062
2022-12-30,529.784912109375
2023-01-03,532.8585205078125
2023-01-04,553.4720458984375
2023-01-05,548.1295776367188
2023-01-06,577.7311401367188
2023-01-09,602.4364624023438
2023-01-10,614.1296997070312
2023-01-11,625.0764770507812
2023-01-12,632.7166748046875
2023-01-13,639.6300048828125
2023-01-17,638.1754760742188
2023-01-18,632.4550170898438
2023-01-19,611.0851440429688
2023-01-20,629.1195678710938
2023-01-23,655.4729614257812
2023-01-24,649.6361083984375
2023-01-25,660.8059692382812
2023-01-26,663.103759765625
2023-01-27,647.0957641601562
2023-01-30,630.5352783203125
2023-01-31,640.7449951171875
2023-02-01,657.89697265625
2023-02-02,675.3690795898438
2023-02-03,658.9539184570312
2023-02-06,643.2337036132812
2023-02-07,659.5096435546875
2023-02-08,644.0304565429688
2023-02-09,645.332763671875
2023-02-10,637.7727661132812
2023-02-13,649.8121948242188
2023-02-14,658.3048095703125
2023-02-15,657.65380859375
2023-02-16,637.7049560546875
2023-02-17,633.4779663085938
2023-02-21,611.9549560546875
2023-02-22,606.5426025390625
2023-02-23,620.0297241210938
2023-02-24,600.8776245117188
2023-02-27,614.1898803710938
2023-02-28,600.2459106445312
2023-03-01,597.5445556640625
2023-03-02,606.503662109375
2023-03-03,619.3397216796875
2023-03-06,603.3942260742188
2023-03-07,591.8698120117188
2023-03-08,601.8688354492188
2023-03-09,587.6236572265625
2023-03-10,584.193603515625
2023-03-13,587.6625366210938
2023-03-14,602.7431640625
2023-03-15,589.5184326171875
2023-03-16,612.7127075195312
2023-03-17,615.7542724609375
2023-03-20,628.0364990234375
2023-03-21,623.955322265625
2023-03-22,622.2451171875
2023-03-23,645.3617553710938
2023-03-24,629.2025146484375
2023-03-27,625.8209838867188
2023-03-28,621.603759765625
2023-03-29,640.46435546875
2023-03-30,657.5274047851562
2023-03-31,661.4434204101562
2023-04-03,654.9136352539062
2023-04-04,649.75390625
2023-04-05,645.1091918945312
2023-04-06,638.5210571289062
2023-04-10,642.9131469726562
2023-04-11,641.0961303710938
2023-04-12,636.130615234375
2023-04-13,646.576416015625
2023-04-14,647.343994140625
2023-04-17,620.9527587890625
2023-04-18,625.1213989257812
2023-04-19,605.9497680664062
2023-04-20,615.6376342773438
2023-04-21,616.5120239257812
2023-04-24,609.6227416992188
2023-04-25,588.6148071289062
2023-04-26,591.8602905273438
2023-04-27,611.4301147460938
2023-04-28,618.8344116210938
2023-05-01,619.027587890625
2023-05-02,617.9066162109375
2023-05-03,618.5791625976562
2023-05-04,618.8812866210938
2023-05-05,633.7623291015625
2023-05-08,638.313720703125
2023-05-09,626.6775512695312
2023-05-10,640.4088745117188
2023-05-11,633.6358642578125
2023-05-12,631.0241088867188
2023-05-15,638.995849609375
2023-05-16,635.4484252929688
2023-05-17,653.4287109375
2023-05-18,678.2112426757812
2023-05-19,676.3303833007812
2023-05-22,680.852294921875
2023-05-23,664.1000366210938
2023-05-24,649.8130493164062
2023-05-25,690.4417114257812
2023-05-26,717.1927490234375
2023-05-30,709.7181396484375
2023-05-31,704.52392578125
2023-06-01,708.2659912109375
2023-06-02,706.2000122070312
2023-06-05,703.8124389648438
2023-06-06,698.3841552734375
2023-06-07,692.1277465820312
2023-06-08,701.7171630859375
2023-06-09,697.6337890625
2023-06-12,711.5794677734375
2023-06-13,718.498779296875
2023-06-14,721.3638916015625
2023-06-15,719.8825073242188
2023-06-16,703.5006103515625
2023-06-20,702.0679931640625
2023-06-21,689.2918701171875
2023-06-22,699.144287109375
2023-06-23,680.1212768554688
2023-06-26,682.4114990234375
2023-06-27,706.6190795898438
2023-06-28,705.751708984375
2023-06-29,704.9330444335938
2023-06-30,706.297607421875
2023-07-03,715.1951293945312
2023-07-05,697.44873046875
2023-07-06,681.5051879882812
2023-07-07,679.0006103515625
2023-07-10,691.75732421875
2023-07-11,687.0502319335938
2023-07-12,706.4046020507812
2023-07-13,731.6257934570312
2023-07-14,734.8222045898438
2023-07-17,735.2802734375
2023-07-18,737.7556762695312
2023-07-19,697.555908203125
2023-07-20,658.9154663085938
2023-07-21,675.7066650390625
2023-07-24,667.052734375
2023-07-25,669.8009033203125
2023-07-26,666.8773193359375
2023-07-27,690.0907592773438
2023-07-28,700.079833984375
2023-07-31,698.1697998046875
2023-08-01,692.205078125
2023-08-02,667.1524047851562
2023-08-03,665.1500854492188
2023-08-04,662.2493896484375
2023-08-07,677.2711181640625
2023-08-08,663.5484008789062
2023-08-09,656.82861328125
2023-08-10,662.024658203125
2023-08-11,646.3680419921875
2023-08-14,651.0269165039062
2023-08-15,636.5227661132812
2023-08-16,631.3851318359375
2023-08-17,629.3341674804688
2023-08-18,640.0682373046875
2023-08-21,647.0907592773438
2023-08-22,651.9741821289062
2023-08-23,661.3507690429688
2023-08-24,632.733154296875
2023-08-25,635.848876953125
2023-08-28,643.6429443359375
2023-08-29,651.9646606445312
2023-08-30,653.9668579101562
2023-08-31,645.1470947265625
2023-09-01,647.0907592773438
2023-09-05,648.1066284179688
2023-09-06,650.52880859375
2023-09-07,622.9367065429688
2023-09-08,613.2378540039062
2023-09-11,613.0913696289062
2023-09-12,604.3889770507812
2023-09-13,602.6796875
2023-09-14,607.4166870117188
2023-09-15,582.7644653320312
2023-09-18,583.8095092773438
2023-09-19,579.94189453125
2023-09-20,576.1423950195312
2023-09-21,568.5631713867188
2023-09-22,573.4271850585938
2023-09-25,572.479736328125
2023-09-26,559.3722534179688
2023-09-27,561.1499633789062
2023-09-28,567.12744140625
2023-09-29,574.9507446289062
2023-10-02,568.621826171875
2023-10-03,557.3114013671875
2023-10-04,577.099609375
2023-10-05,568.14306640625
2023-10-06,583.4482421875
2023-10-09,577.59765625
2023-10-10,588.1266479492188
2023-10-11,592.0726928710938
2023-10-12,602.396484375
2023-10-13,585.7825317382812
2023-10-16,589.73828125
2023-10-17,594.455810546875
2023-10-18,569.666748046875
2023-10-19,574.0425415039062
2023-10-20,566.5901489257812
2023-10-23,574.1011962890625
2023-10-24,586.7593383789062
2023-10-25,569.7547607421875
2023-10-26,574.5016479492188
2023-10-27,576.259521484375
2023-10-30,575.1655883789062
2023-10-31,584.8644409179688
2023-11-01,595.6260375976562
2023-11-02,618.2654418945312
2023-11-03,629.056396484375
2023-11-06,624.1896362304688
2023-11-07,623.0831298828125
2023-11-08,626.0012817382812
2023-11-09,621.0758056640625
2023-11-10,647.5341186523438
2023-11-13,640.992919921875
2023-11-14,661.370361328125
2023-11-15,663.9066162109375
2023-11-16,666.7169189453125
2023-11-17,671.8284301757812
2023-11-20,679.8776245117188
2023-11-21,670.1929931640625
2023-11-22,670.5651245117188
2023-11-24,676.8125
2023-11-27,674.0707397460938
2023-11-28,661.9383544921875
2023-11-29,673.3167724609375
2023-11-30,669.5468139648438
2023-12-01,677.8115234375
2023-12-04,675.9705200195312
2023-12-05,680.0930786132812
2023-12-06,677.6939086914062
2023-12-07,685.1066284179688
2023-12-08,681.9535522460938
2023-12-11,695.4763793945312
2023-12-12,705.5818481445312
2023-12-13,720.005615234375
2023-12-14,738.042724609375
2023-12-15,737.3084716796875
2023-12-18,726.635009765625
2023-12-19,729.2396850585938
2023-12-20,714.4437255859375
2023-12-21,739.5703735351562
2023-12-22,736.8875122070312
2023-12-26,746.8263549804688
2023-12-27,748.1484375
2023-12-28,742.0966796875
2023-12-29,741.1861572265625
2024-01-02,702.017578125
2024-01-03,688.749267578125
2024-01-04,685.733154296875
2024-01-05,688.7199096679688
2024-01-08,705.8560791015625
2024-01-09,701.0677490234375
2024-01-10,702.8694458007812
2024-01-11,703.5941772460938
2024-01-12,698.3944091796875
2024-01-16,691.814208984375
2024-01-17,697.4641723632812
2024-01-18,729.0536499023438
2024-01-19,742.0771484375
2024-01-22,750.7431640625
2024-01-23,762.2097778320312
2024-01-24,829.6970825195312
2024-01-25,851.0145874023438
2024-01-26,849.71240234375
2024-01-29,864.2731323242188
2024-01-30,849.9865112304688
2024-01-31,851.7392578125
2024-02-01,872.028564453125
2024-02-02,872.1460571289062
2024-02-05,881.4019775390625
2024-02-06,887.6309814453125
2024-02-07,904.64013671875
2024-02-08,905.3367309570312
2024-02-09,931.4882202148438
2024-02-12,911.4871826171875
2024-02-13,886.0908203125
2024-02-14,906.80810546875
2024-02-15,912.1050415039062
2024-02-16,911.22216796875
2024-02-20,892.2217407226562
2024-02-21,890.8876342773438
2024-02-22,933.6952514648438
2024-02-23,915.4500732421875
2024-02-26,929.5166015625
2024-02-27,923.4152221679688
2024-02-28,921.5808715820312
2024-02-29,933.5284423828125
2024-03-01,972.0397338867188
2024-03-04,979.0042114257812
2024-03-05,950.3613891601562
2024-03-06,984.781982421875
2024-03-07,1027.4130859375
2024-03-08,975.3650512695312
2024-03-11,944.308837890625
2024-03-12,965.5165405273438
2024-03-13,950.3025512695312
2024-03-14,941.4740600585938
2024-03-15,922.27734375
2024-03-18,923.3858032226562
2024-03-19,933.754150390625
2024-03-20,952.4015502929688
2024-03-21,971.892578125
2024-03-22,961.2692260742188
2024-03-25,960.2587890625
2024-03-26,952.7742919921875
2024-03-27,955.4325561523438
2024-03-28,951.9600830078125
2024-04-01,974.0114135742188
2024-04-02,948.27197265625
2024-04-03,961.5732421875
2024-04-04,935.2255249023438
2024-04-05,960.8668823242188
2024-04-08,963.9666748046875
2024-04-09,970.9508666992188
2024-04-10,956.0211791992188
2024-04-11,973.2560424804688
2024-04-12,943.4948120117188
2024-04-15,936.6085815429688
2024-04-16,958.287109375
2024-04-17,890.2990112304688
2024-04-18,872.0734252929688
2024-04-19,843.1459350585938
2024-04-22,855.4172973632812
2024-04-23,884.3743896484375
2024-04-24,875.3006591796875
2024-04-25,885.2964477539062
2024-04-26,903.317138671875
2024-04-29,894.2738037109375
2024-04-30,857.609130859375
2024-05-01,838.3135375976562
2024-05-02,855.4564819335938
2024-05-03,886.2723999023438
2024-05-06,901.3020629882812
2024-05-07,892.7501220703125
2024-05-08,895.94482421875
2024-05-09,897.9794921875
2024-05-10,914.4441528320312
2024-05-13,901.616455078125
2024-05-14,899.4442138671875
2024-05-15,921.4527587890625
2024-05-16,903.8773193359375
2024-05-17,909.21484375
2024-05-20,923.4384155273438
2024-05-21,909.5097045898438
2024-05-22,906.6199340820312
2024-05-23,918.3367919921875
2024-05-24,939.9324951171875
2024-05-28,974.9556884765625
2024-05-29,941.5643310546875
2024-05-30,949.6640014648438
2024-05-31,943.9921875
2024-06-03,949.034912109375
2024-06-04,934.6146850585938
2024-06-05,1023.6029052734375
2024-06-06,1034.6807861328125
2024-06-07,1010.9028930664062
2024-06-10,1023.9663696289062
2024-06-11,1018.3636474609375
2024-06-12,1050.6539306640625
2024-06-13,1034.779052734375
2024-06-14,1010.3917846679688
2024-06-17,1034.5430908203125
2024-06-18,1043.30126953125
2024-06-20,1032.8426513671875
2024-06-21,1018.943359375
2024-06-24,984.942626953125
2024-06-25,1005.9093627929688
2024-06-26,999.2840576171875
2024-06-27,1010.4998168945312
2024-06-28,1005.3096923828125
2024-07-01,1015.886474609375
2024-07-02,1030.0413818359375
2024-07-03,1053.160400390625
2024-07-05,1056.1781005859375
2024-07-08,1059.0386962890625
2024-07-09,1041.915283203125
2024-07-10,1080.2313232421875
2024-07-11,1044.4022216796875
2024-07-12,1066.7745361328125
2024-07-15,1045.5130615234375
2024-07-16,1049.9952392578125
2024-07-17,916.1841430664062
2024-07-18,908.4088745117188
2024-07-19,880.1190795898438
2024-07-22,925.2273559570312
2024-07-23,916.9213256835938
2024-07-24,857.8843383789062
2024-07-25,847.936767578125
2024-07-26,873.2579345703125
2024-07-29,857.3073120117188
2024-07-30,847.1541748046875
2024-07-31,922.4511108398438
2024-08-01,870.2672119140625
2024-08-02,797.038330078125
2024-08-05,807.8709106445312
2024-08-06,830.1864013671875
2024-08-07,823.6276245117188
2024-08-08,863.3145751953125
2024-08-09,847.45947265625
2024-08-12,839.886474609375
2024-08-13,856.2634887695312
2024-08-14,866.2000122070312
2024-08-15,914.1295776367188
2024-08-16,904.6854248046875
2024-08-19,918.9551391601562
2024-08-20,912.091064453125
2024-08-21,929.2560424804688
2024-08-22,893.902099609375
2024-08-23,893.458984375
2024-08-26,869.8732299804688
2024-08-27,876.3433227539062
2024-08-28,874.619873046875
2024-08-29,874.2063598632812
2024-08-30,890.1205444335938
2024-09-03,832.5300903320312
2024-09-04,799.1359252929688
2024-09-05,783.4973754882812
2024-09-06,741.3386840820312
2024-09-09,738.413818359375
2024-09-10,739.9501342773438
2024-09-11,787.968505859375
2024-09-12,787.9979248046875
2024-09-13,803.9415893554688
2024-09-16,790.8242797851562
2024-09-17,793.4339599609375
2024-09-18,775.8555297851562
2024-09-19,815.5621337890625
2024-09-20,783.1823120117188
2024-09-23,791.2772827148438
2024-09-24,801.6176147460938
2024-09-25,805.7340087890625
2024-09-26,839.4728393554688
2024-09-27,828.7385864257812
2024-09-30,820.5746459960938
2024-10-01,809.8405151367188
2024-10-02,819.5308837890625
2024-10-03,819.7474975585938
2024-10-04,820.32861328125
2024-10-07,804.8181762695312
2024-10-08,811.721435546875
2024-10-09,833.0324096679688
2024-10-10,821.2838134765625
2024-10-11,827.9015502929688
2024-10-14,859.001220703125
2024-10-15,719.3189086914062
2024-10-16,673.1224975585938
2024-10-17,689.9425659179688
2024-10-18,712.2578735351562
2024-10-21,703.2372436523438
2024-10-22,709.9436645507812
2024-10-23,697.840576171875
2024-10-24,699.9971923828125
2024-10-25,700.873779296875
2024-10-28,697.8701782226562
2024-10-29,705.89599609375
2024-10-30,674.9908447265625
2024-10-31,663.8565673828125
2024-11-01,666.0083618164062
2024-11-04,662.4845581054688
2024-11-05,667.7160034179688
2024-11-06,652.8803100585938
2024-11-07,668.456298828125
2024-11-08,660.81640625
2024-11-11,662.632568359375
2024-11-12,660.5301513671875
2024-11-13,664.7054443359375
2024-11-14,684.0028076171875
2024-11-15,650.1165161132812
2024-11-18,656.6311645507812
2024-11-19,653.6009521484375
2024-11-20,649.9190673828125
2024-11-21,663.4716796875
2024-11-22,664.1823120117188
2024-11-25,675.6224365234375
2024-11-26,663.283935546875
2024-11-27,661.813232421875
2024-11-29,677.73486328125
2024-12-02,702.2734985351562
2024-12-03,708.7783813476562
2024-12-04,710.6141967773438
2024-12-05,702.3031616210938
2024-12-06,699.8157348632812
2024-12-09,697.3875122070312
2024-12-10,696.1536254882812
2024-12-11,705.1952514648438
2024-12-12,703.8823852539062
2024-12-13,709.2915649414062
2024-12-16,713.0424194335938
2024-12-17,725.6869506835938
2024-12-18,710.1897583007812
2024-12-19,701.0792236328125
2024-12-20,696.5584106445312
2024-12-23,711.7197265625
2024-12-24,710.4070434570312
2024-12-26,706.6067504882812
2024-12-27,704.3660278320312
2024-12-30,687.1514892578125
2024-12-31,684.1212158203125
2025-01-02,691.3662719726562
2025-01-03,705.1260986328125
2025-01-06,758.576171875
2025-01-07,747.7875366210938
2025-01-08,734.3632202148438
2025-01-10,729.4574584960938
2025-01-13,718.0074462890625
2025-01-14,726.772705078125
2025-01-15,716.9118041992188
2025-01-16,740.5819091796875
2025-01-17,746.5536499023438
2025-01-21,753.1375122070312
2025-01-22,756.7994384765625
2025-01-23,736.5940551757812
2025-01-24,722.7849731445312
2025-01-27,681.2291259765625
2025-01-28,674.5169677734375
2025-01-29,703.4383544921875
2025-01-30,727.463623046875
2025-01-31,729.7536010742188
2025-02-03,721.6102294921875
2025-02-04,721.9557495117188
2025-02-05,732.9912719726562
2025-02-06,729.575927734375
2025-02-07,718.293701171875
2025-02-10,734.4619140625
2025-02-11,744.8185424804688
2025-02-12,747.9739379882812
2025-02-13,768.5682983398438
2025-02-14,743.404052734375
2025-02-18,736.1533813476562
2025-02-19,736.7272338867188
2025-02-20,735.0357055664062
2025-02-21,729.2194213867188
2025-02-24,727.9829711914062
2025-02-25,722.2755737304688
2025-02-26,738.8341064453125
2025-02-27,690.1376953125
2025-02-28,701.3943481445312
2025-03-03,692.2742919921875
2025-03-04,700.543701171875
2025-03-05,731.73193359375
2025-03-06,707.0919189453125
2025-03-07,724.2835083007812
2025-03-10,675.7058715820312
2025-03-11,682.7288208007812
2025-03-12,695.7461547851562
2025-03-13,687.0614624023438
2025-03-14,706.260986328125
2025-03-17,722.4140014648438
2025-03-18,723.185546875
2025-03-19,726.9443969726562
2025-03-20,726.1035766601562
2025-03-21,708.4569091796875
2025-03-24,719.9509887695312
2025-03-25,718.8629760742188
2025-03-26,698.1103515625
2025-03-27,683.144287109375
2025-03-28,667.268310546875
2025-03-31,655.4478759765625
2025-04-01,660.1068115234375
2025-04-02,661.7586669921875
2025-04-03,616.4649047851562
2025-04-04,598.9865112304688
2025-04-07,609.1649780273438
2025-04-08,588.9168701171875
2025-04-09,679.8109130859375
2025-04-10,642.5095825195312
2025-04-11,661.560791015625
2025-04-14,665.5767822265625
2025-04-15,675.7552490234375
2025-04-16,628.0480346679688
2025-04-17,633.2213134765625
2025-04-21,617.9190673828125
2025-04-22,631.767333984375
2025-04-23,650.84814453125
2025-04-24,667.6837158203125
2025-04-25,669.9291381835938
2025-04-28,667.5289306640625
2025-04-29,660.9306640625
2025-04-30,662.8853149414062
2025-05-01,661.535888671875
2025-05-02,684.9623413085938
2025-05-05,678.0465087890625
2025-05-06,674.7026977539062
2025-05-07,694.944091796875
2025-05-08,702.5247802734375
2025-05-09,700.7189331054688
2025-05-12,744.3668212890625
2025-05-13,757.9603881835938
2025-05-14,762.9312744140625
2025-05-15,752.4633178710938
2025-05-16,742.2830810546875
2025-05-19,743.3051147460938
2025-05-20,742.93798828125
2025-05-21,731.4380493164062
2025-05-22,734.9406127929688
2025-05-23,726.7944946289062
2025-05-27,750.905517578125
2025-05-28,740.7055053710938
2025-05-29,741.2611694335938
2025-05-30,731.0411987304688
2025-06-02,740.725341796875
2025-06-03,741.439697265625
2025-06-04,737.0045776367188
2025-06-05,741.94580078125
2025-06-06,747.1648559570312
2025-06-09,764.2113037109375
2025-06-10,778.8663940429688
2025-06-11,777.9933471679688
2025-06-12,780.0968627929688
2025-06-13,755.082763671875
2025-06-16,769.2021484375
2025-06-17,753.9515991210938
2025-06-18,755.7178344726562
2025-06-20,750.6476440429688
2025-06-23,773.6571655273438
2025-06-24,807.03564453125
2025-06-25,808.9010620117188
2025-06-26,791.884521484375
2025-06-27,789.7611083984375
2025-06-30,795.1588134765625
2025-07-01,784.3236083984375
2025-07-02,793.3727416992188
2025-07-03,788.3223876953125
2025-07-07,778.9855346679688
2025-07-08,787.9253540039062
2025-07-09,793.6109008789062
2025-07-10,795.8533935546875
2025-07-11,795.694580078125
2025-07-14,800.4572143554688
2025-07-15,816.6206665039062
2025-07-16,748.583740234375
2025-07-17,739.117919921875
2025-07-18,728.8682861328125
2025-07-21,714.0841064453125
2025-07-22,699.9945068359375
2025-07-23,711.35546875
2025-07-24,719.442138671875
2025-07-25,705.7196655273438
2025-07-28,724.31396484375
2025-07-29,714.711669921875
2025-07-30,717.6561279296875
2025-07-31,691.0567626953125
2025-08-01,686.1924438476562
2025-08-04,695.6822509765625
2025-08-05,686.0034790039062
2025-08-06,687.3264770507812
2025-08-07,709.3699340820312
2025-08-08,718.521484375
2025-08-11,717.516845703125
2025-08-12,737.88916015625
2025-08-13,751.5967407226562
2025-08-14,751.2385864257812
2025-08-15,738.2572021484375
2025-08-18,743.6188354492188
2025-08-19,739.6995849609375
2025-08-20,745.5486450195312
2025-08-21,731.5327758789062
2025-08-22,750.9202270507812
2025-08-25,750.4925537109375
2025-08-26,759.1866455078125
2025-08-27,765.9508056640625
2025-08-28,759.4451904296875
2025-08-29,738.71484375
2025-09-02,722.032958984375
2025-09-03,732.9453735351562
2025-09-04,749.468017578125
2025-09-05,777.5892944335938
2025-09-08,792.062744140625
2025-09-09,800.8960571289062
2025-09-10,788.9691772460938
2025-09-11,799.93115234375
2025-09-12,809.590087890625
2025-09-15,862.7391357421875
2025-09-16,873.8006591796875
2025-09-17,867.6830444335938
2025-09-18,922.9209594726562
2025-09-19,927.2481689453125
2025-09-22,952.76318359375
2025-09-23,958.4432373046875
2025-09-24,941.9603881835938
2025-09-25,944.5565795898438
2025-09-26,946.5162353515625
2025-09-29,957.5479125976562
2025-09-30,962.9991455078125
2025-10-01,997.994140625
2025-10-02,1024.752685546875
2025-10-03,1026.7918701171875
2025-10-06,1037.8135986328125
2025-10-07,997.0292358398438
2025-10-08,982.6154174804688
2025-10-09,975.3836059570312
2025-10-10,931.2669067382812
2025-10-13,979.4819946289062
2025-10-14,978.0098266601562
2025-10-15,1004.499755859375
2025-10-16,1014.228271484375
2025-10-17,1023.857421875
2025-10-20,1036.669677734375
2025-10-21,1019.6297607421875
2025-10-22,1006.25048828125
2025-10-23,1030.9598388671875
2025-10-24,1027.667236328125
2025-10-27,1054.4058837890625
2025-10-28,1046.9453125
2025-10-29,1067.0986328125
2025-10-30,1071.6925048828125
2025-10-31,1055.529296875
2025-11-03,1063.0926513671875
2025-11-04,1026.5408935546875
2025-11-05,1040.103271484375
2025-11-06,1025.6041259765625
2025-11-07,1013.4069213867188
2025-11-10,1035.16064453125
2025-11-11,1018.8477783203125
2025-11-12,1033.705810546875
2025-11-13,1016.2967529296875
2025-11-14,1003.4617919921875
2025-11-17,1016.436279296875
2025-11-18,1000.552001953125
2025-11-19,1035.69873046875
2025-11-20,977.6123657226562
2025-11-21,963.1929931640625
2025-11-24,984.3687133789062
2025-11-25,999.7149047851562
2025-11-26,1037.3330078125
2025-11-28,1056.2965087890625
2025-12-01,1084.188720703125
2025-12-02,1104.9061279296875
2025-12-03,1136.933837890625
2025-12-04,1106.2015380859375
2025-12-05,1095.6285400390625
2025-12-08,1115.7779541015625
2025-12-09,1107.5567626953125
2025-12-10,1115.4093017578125
2025-12-11,1118.9169921875
2025-12-12,1077.07373046875
2025-12-15,1084.019287109375
2025-12-16,1072.29052734375
2025-12-17,1011.8822631835938
2025-12-18,1032.689453125
2025-12-19,1052.3304443359375
2025-12-22,1053.287109375
2025-12-23,1058.130126953125
2025-12-24,1061.7972412109375
2025-12-26,1069.001953125
2025-12-29,1062.275634765625
2025-12-30,1068.3941650390625
2025-12-31,1066.1220703125
2026-01-02,1159.7139892578125
2026-01-05,1223.8988037109375
2026-01-06,1237.8499755859375
2026-01-07,1224.1778564453125
2026-01-08,1190.147216796875
2026-01-09,1269.4293212890625
2026-01-12,1276.7535400390625
2026-01-13,1265.722412109375
2026-01-14,1259.3048095703125
2026-01-15,1326.9476318359375
2026-01-16,1353.8233642578125
2026-01-20,1321.4368896484375
2026-01-21,1355.3380126953125
2026-01-22,1390.1260986328125
2026-01-23,1384.18701171875
2026-01-26,1408.4119873046875
2026-01-27,1449.5079345703125
2026-01-28,1417.9486083984375
2026-01-29,1450.0760498046875
2026-01-30,1418.0283203125
2026-02-02,1436.35400390625
2026-02-03,1391.0030517578125
2026-02-04,1334.4512939453125
2026-02-05,1345.4427490234375
2026-02-06,1408.0731201171875
2026-02-09,1424.49560546875
2026-02-10,1410.5390625
2026-02-11,1432.5010986328125
2026-02-12,1403.8038330078125
2026-02-13,1403.5443115234375
2026-02-17,1416.6856689453125
2026-02-18,1465.5189208984375
2026-02-19,1455.7503662109375
2026-02-20,1466.3870849609375
2026-02-23,1482.7513427734375
2026-02-24,1494.53564453125
2026-02-25,1523.18310546875
2026-02-26,1460.6097412109375
2026-02-27,1447.398681640625
2026-03-02,1420.4375
2026-03-03,1357.973876953125
2026-03-04,1396.3201904296875
2026-03-05,1365.377685546875
2026-03-06,1289.982421875
2026-03-09,1354.461669921875
2026-03-10,1380.385009765625
2026-03-11,1383.6578369140625
2026-03-12,1348.63427734375
2026-03-13,1342.757080078125
2026-03-16,1372.5621337890625
2026-03-17,1386.1324462890625
2026-03-18,1352.216552734375
2026-03-19,1363.4119873046875
2026-03-20,1314.379150390625
2026-03-23,1366.635009765625
2026-03-24,1396.3701171875
2026-03-25,1390.85205078125
2026-03-26,1326.6024169921875
2026-03-27,1299.63134765625
2026-03-30,1251.22705078125
2026-03-31,1317.9512939453125
2026-04-01,1356.7965087890625
2026-04-02,1314.359130859375
2026-04-06,1301.16796875
2026-04-07,1303.6026611328125
2026-04-08,1417.9530029296875
2026-04-09,1445.4827880859375
2026-04-10,1475.0582275390625
2026-04-13,1496.9302978515625
2026-04-14,1514.990966796875
2026-04-15,1478.54052734375
2026-04-16,1407.755126953125
2026-04-17,1456.6185302734375
2026-04-20,1473.2821044921875
2026-04-21,1455.790283203125
2026-04-22,1440.513671875
2026-04-23,1414.7100830078125
2026-04-24,1454.52294921875
2026-04-27,1432.43994140625
2026-04-28,1384.56005859375
2026-04-29,1394.0799560546875
2026-04-30,1438.989990234375
2026-05-01,1427.02001953125
2026-05-04,1386.2099609375
2026-05-05,1442.9200439453125
2026-05-06,1544.739990234375
2026-05-07,1516.5999755859375
2026-05-08,1592.02001953125
2026-05-11,1565.81005859375
2026-05-12,1520.93994140625
2026-05-13,1581.5799560546875
2026-05-14,1584.510009765625
2026-05-15,1501.81005859375
2026-05-18,1472.3900146484375
2026-05-19,1459.43994140625
2026-05-20,1550.1300048828125
2026-05-21,1592.0
2026-05-22,1632.9000244140625
2026-05-26,1632.030029296875
2026-05-27,1597.8699951171875
2026-05-28,1605.77001953125
2026-05-29,1612.760009765625
2026-06-01,1628.5699462890625
2026-06-02,1705.3699951171875
2026-06-03,1726.3599853515625
