Date,AVGO
2016-01-04,10.853880882263184
2016-01-05,10.490762710571289
2016-01-06,10.168075561523438
2016-01-07,9.844625473022461
2016-01-08,9.77978229522705
2016-01-11,9.767578125
2016-01-12,9.910996437072754
2016-01-13,9.406745910644531
2016-01-14,9.550165176391602
2016-01-15,9.151956558227539
2016-01-19,9.15958309173584
2016-01-20,9.446415901184082
2016-01-21,9.499815940856934
2016-01-22,9.498289108276367
2016-01-25,9.496764183044434
2016-01-26,9.489139556884766
2016-01-27,9.333514213562012
2016-01-28,9.640182495117188
2016-01-29,10.200119018554688
2016-02-01,10.502970695495605
2016-02-02,10.164265632629395
2016-02-03,10.020845413208008
2016-02-04,10.383962631225586
2016-02-05,9.791986465454102
2016-02-08,9.296133041381836
2016-02-09,9.132120132446289
2016-02-10,9.09321403503418
2016-02-11,8.872754096984863
2016-02-12,9.280875205993652
2016-02-16,9.630268096923828
2016-02-17,9.96897029876709
2016-02-18,9.69357967376709
2016-02-19,9.815637588500977
2016-02-22,9.96591854095459
2016-02-23,9.77673053741455
2016-02-24,9.943035125732422
2016-02-25,10.105523109436035
2016-02-26,10.154346466064453
2016-02-29,10.219951629638672
2016-03-01,10.560182571411133
2016-03-02,10.448810577392578
2016-03-03,10.47627067565918
2016-03-04,11.142240524291992
2016-03-07,10.947713851928711
2016-03-08,10.651724815368652
2016-03-09,10.829469680786133
2016-03-10,11.017134666442871
2016-03-11,11.352791786193848
2016-03-14,11.300912857055664
2016-03-15,11.326091766357422
2016-03-16,11.375835418701172
2016-03-17,11.59932804107666
2016-03-18,11.671276092529297
2016-03-21,11.70189094543457
2016-03-22,11.845015525817871
2016-03-23,11.709545135498047
2016-03-24,11.710308074951172
2016-03-28,11.717962265014648
2016-03-29,11.796796798706055
2016-03-30,12.01110553741455
2016-03-31,11.825113296508789
2016-04-01,12.077689170837402
2016-04-04,11.940685272216797
2016-04-05,11.865683555603027
2016-04-06,12.057790756225586
2016-04-07,11.861089706420898
2016-04-08,11.95140552520752
2016-04-11,11.910074234008789
2016-04-12,11.896294593811035
2016-04-13,12.206273078918457
2016-04-14,12.155759811401367
2016-04-15,11.900885581970215
2016-04-18,11.932269096374512
2016-04-19,11.562591552734375
2016-04-20,11.727911949157715
2016-04-21,11.584020614624023
2016-04-22,11.505949974060059
2016-04-25,11.411810874938965
2016-04-26,11.53886604309082
2016-04-27,11.597798347473145
2016-04-28,11.326851844787598
2016-04-29,11.155410766601562
2016-05-02,11.18066692352295
2016-05-03,10.960236549377441
2016-05-04,10.873748779296875
2016-05-05,10.9127836227417
2016-05-06,10.85997200012207
2016-05-09,10.899006843566895
2016-05-10,11.068155288696289
2016-05-11,11.00998592376709
2016-05-12,10.794912338256836
2016-05-13,10.71914005279541
2016-05-16,10.918140411376953
2016-05-17,10.804864883422852
2016-05-18,11.012283325195312
2016-05-19,10.925026893615723
2016-05-20,11.23041820526123
2016-05-23,11.335272789001465
2016-05-24,11.589381217956543
2016-05-25,11.753934860229492
2016-05-26,11.711841583251953
2016-05-27,11.73327350616455
2016-05-31,11.814399719238281
2016-06-01,11.845780372619629
2016-06-02,11.856496810913086
2016-06-03,12.442010879516602
2016-06-06,12.463443756103516
2016-06-07,12.616517066955566
2016-06-08,12.529267311096191
2016-06-09,12.562941551208496
2016-06-10,12.30883502960205
2016-06-13,12.246838569641113
2016-06-14,12.168773651123047
2016-06-15,12.16186237335205
2016-06-16,12.179520606994629
2016-06-17,11.97758960723877
2016-06-20,12.048995971679688
2016-06-21,11.96300220489502
2016-06-22,11.911559104919434
2016-06-23,12.178753852844238
2016-06-24,11.4186372756958
2016-06-27,11.027827262878418
2016-06-28,11.499256134033203
2016-06-29,11.900813102722168
2016-06-30,11.93152141571045
2016-07-01,11.840923309326172
2016-07-05,11.575268745422363
2016-07-06,11.565282821655273
2016-07-07,11.592926025390625
2016-07-08,11.911559104919434
2016-07-11,12.082011222839355
2016-07-12,12.176451683044434
2016-07-13,12.08584976196289
2016-07-14,12.345364570617676
2016-07-15,12.373769760131836
2016-07-18,12.463604927062988
2016-07-19,12.325401306152344
2016-07-20,12.489707946777344
2016-07-21,12.31618881225586
2016-07-22,12.259370803833008
2016-07-25,12.267816543579102
2016-07-26,12.548828125
2016-07-27,12.719280242919922
2016-07-28,12.60948657989502
2016-07-29,12.43673038482666
2016-08-01,12.554205894470215
2016-08-02,12.506598472595215
2016-08-03,12.600269317626953
2016-08-04,12.821395874023438
2016-08-05,13.061713218688965
2016-08-08,12.925816535949707
2016-08-09,13.142333030700684
2016-08-10,13.19454574584961
2016-08-11,13.212971687316895
2016-08-12,13.242148399353027
2016-08-15,13.477862358093262
2016-08-16,13.236772537231445
2016-08-17,13.285141944885254
2016-08-18,13.354247093200684
2016-08-19,13.431024551391602
2016-08-22,13.507805824279785
2016-08-23,13.61606216430664
2016-08-24,13.459429740905762
2016-08-25,13.516249656677246
2016-08-26,13.602242469787598
2016-08-29,13.620674133300781
2016-08-30,13.589957237243652
2016-08-31,13.545422554016113
2016-09-01,13.596869468688965
2016-09-02,13.291287422180176
2016-09-06,13.136958122253418
2016-09-07,12.968045234680176
2016-09-08,12.928119659423828
2016-09-09,12.344594955444336
2016-09-12,12.628680229187012
2016-09-13,12.687028884887695
2016-09-14,13.022562980651855
2016-09-15,13.301337242126465
2016-09-16,13.187357902526855
2016-09-19,13.148088455200195
2016-09-20,12.955556869506836
2016-09-21,13.078776359558105
2016-09-22,13.002535820007324
2016-09-23,12.833880424499512
2016-09-26,12.836960792541504
2016-09-27,13.158100128173828
2016-09-28,13.145771980285645
2016-09-29,13.281312942504883
2016-09-30,13.28593635559082
2016-10-03,13.097258567810059
2016-10-04,13.018706321716309
2016-10-05,13.35986614227295
2016-10-06,13.414543151855469
2016-10-07,13.416083335876465
2016-10-10,13.459208488464355
2016-10-11,13.18196964263916
2016-10-12,13.12806510925293
2016-10-13,13.010232925415039
2016-10-14,13.098801612854004
2016-10-17,13.005613327026367
2016-10-18,13.25898265838623
2016-10-19,13.235877990722656
2016-10-20,13.354475021362305
2016-10-21,13.316740036010742
2016-10-24,13.596291542053223
2016-10-25,13.372957229614258
2016-10-26,13.32290267944336
2016-10-27,13.264374732971191
2016-10-28,13.041810035705566
2016-10-31,13.113432884216309
2016-11-01,12.999452590942383
2016-11-02,13.289016723632812
2016-11-03,13.322128295898438
2016-11-04,13.25898265838623
2016-11-07,13.627861976623535
2016-11-08,13.63094425201416
2016-11-09,13.35524845123291
2016-11-10,12.933225631713867
2016-11-11,12.90241813659668
2016-11-14,12.612857818603516
2016-11-15,12.818480491638184
2016-11-16,12.924757957458496
2016-11-17,12.863914489746094
2016-11-18,12.950170516967773
2016-11-21,13.29055404663086
2016-11-22,13.632488250732422
2016-11-23,13.63710880279541
2016-11-25,13.611689567565918
2016-11-28,13.449970245361328
2016-11-29,13.511577606201172
2016-11-30,13.12960147857666
2016-12-01,12.536619186401367
2016-12-02,12.646745681762695
2016-12-05,12.79383373260498
2016-12-06,12.68833065032959
2016-12-07,12.980205535888672
2016-12-08,13.146544456481934
2016-12-09,13.79189395904541
2016-12-12,13.72027587890625
2016-12-13,13.818852424621582
2016-12-14,13.7568941116333
2016-12-15,13.941996574401855
2016-12-16,13.818852424621582
2016-12-19,13.97685432434082
2016-12-20,14.101547241210938
2016-12-21,14.118593215942383
2016-12-22,13.987692832946777
2016-12-23,14.091482162475586
2016-12-27,14.120137214660645
2016-12-28,13.955940246582031
2016-12-29,13.931159973144531
2016-12-30,13.691054344177246
2017-01-03,13.812654495239258
2017-01-04,13.714292526245117
2017-01-05,13.498202323913574
2017-01-06,13.677116394042969
2017-01-09,13.706549644470215
2017-01-10,13.985371589660645
2017-01-11,13.896305084228516
2017-01-12,13.852927207946777
2017-01-13,13.976076126098633
2017-01-17,13.872293472290039
2017-01-18,14.330031394958496
2017-01-19,14.371850967407227
2017-01-20,14.799382209777832
2017-01-23,14.793188095092773
2017-01-24,15.315985679626465
2017-01-25,15.682327270507812
2017-01-26,15.813223838806152
2017-01-27,15.932497024536133
2017-01-30,15.739644050598145
2017-01-31,15.451523780822754
2017-02-01,15.776046752929688
2017-02-02,15.803925514221191
2017-02-03,15.96734619140625
2017-02-06,15.998327255249023
2017-02-07,15.94798469543457
2017-02-08,16.02388572692871
2017-02-09,15.903841018676758
2017-02-10,15.917779922485352
2017-02-13,16.00994300842285
2017-02-14,15.903067588806152
2017-02-15,15.954183578491211
2017-02-16,16.123804092407227
2017-02-17,16.296518325805664
2017-02-21,16.477760314941406
2017-02-22,16.586959838867188
2017-02-23,16.309682846069336
2017-02-24,16.293420791625977
2017-02-27,16.518800735473633
2017-02-28,16.336793899536133
2017-03-01,16.662858963012695
2017-03-02,16.82938575744629
2017-03-03,16.909160614013672
2017-03-06,16.87972068786621
2017-03-07,16.981185913085938
2017-03-08,17.010618209838867
2017-03-09,17.1949520111084
2017-03-10,17.531089782714844
2017-03-13,17.538835525512695
2017-03-14,17.376192092895508
2017-03-15,17.498559951782227
2017-03-16,17.30016326904297
2017-03-17,17.208358764648438
2017-03-20,17.213024139404297
2017-03-21,16.806894302368164
2017-03-22,16.915817260742188
2017-03-23,16.872251510620117
2017-03-24,17.036415100097656
2017-03-27,17.042638778686523
2017-03-28,17.190460205078125
2017-03-29,17.218473434448242
2017-03-30,17.11966323852539
2017-03-31,17.035633087158203
2017-04-03,17.0231876373291
2017-04-04,17.035633087158203
2017-04-05,16.893260955810547
2017-04-06,16.922048568725586
2017-04-07,16.98039436340332
2017-04-10,16.962505340576172
2017-04-11,16.925933837890625
2017-04-12,16.276283264160156
2017-04-13,16.441226959228516
2017-04-17,16.639617919921875
2017-04-18,16.579710006713867
2017-04-19,16.620952606201172
2017-04-20,16.977285385131836
2017-04-21,16.934494018554688
2017-04-24,17.213024139404297
2017-04-25,17.365514755249023
2017-04-26,17.247257232666016
2017-04-27,17.356958389282227
2017-04-28,17.1795711517334
2017-05-01,17.219255447387695
2017-05-02,17.540573120117188
2017-05-03,17.497783660888672
2017-05-04,17.381086349487305
2017-05-05,17.618375778198242
2017-05-08,17.511789321899414
2017-05-09,17.77475929260254
2017-05-10,17.9980525970459
2017-05-11,17.979385375976562
2017-05-12,18.358280181884766
2017-05-15,18.597129821777344
2017-05-16,18.725509643554688
2017-05-17,17.98638343811035
2017-05-18,18.49054527282715
2017-05-19,18.213565826416016
2017-05-22,18.546560287475586
2017-05-23,18.403404235839844
2017-05-24,18.6414794921875
2017-05-25,18.739513397216797
2017-05-26,18.766740798950195
2017-05-30,18.65860366821289
2017-05-31,18.63214683532715
2017-06-01,18.251691818237305
2017-06-02,19.803071975708008
2017-06-05,19.622568130493164
2017-06-06,19.750940322875977
2017-06-07,19.78362274169922
2017-06-08,19.835744857788086
2017-06-09,18.93245506286621
2017-06-12,18.880338668823242
2017-06-13,18.901342391967773
2017-06-14,18.714618682861328
2017-06-15,18.595073699951172
2017-06-16,18.459121704101562
2017-06-19,18.841976165771484
2017-06-20,18.7513370513916
2017-06-21,19.15216064453125
2017-06-22,19.067781448364258
2017-06-23,19.163103103637695
2017-06-26,18.96699333190918
2017-06-27,18.38723373413086
2017-06-28,18.83416175842285
2017-06-29,18.286439895629883
2017-06-30,18.209081649780273
2017-07-03,17.952028274536133
2017-07-05,18.096572875976562
2017-07-06,18.364574432373047
2017-07-07,18.722427368164062
2017-07-10,18.890413284301758
2017-07-11,18.8216609954834
2017-07-12,19.253740310668945
2017-07-13,19.323278427124023
2017-07-14,19.556114196777344
2017-07-17,19.456884384155273
2017-07-18,19.60221290588379
2017-07-19,19.877243041992188
2017-07-20,19.80145263671875
2017-07-21,19.77645492553711
2017-07-24,19.770200729370117
2017-07-25,19.869434356689453
2017-07-26,20.0811710357666
2017-07-27,19.60768699645996
2017-07-28,19.562368392944336
2017-07-31,19.272491455078125
2017-08-01,19.40766143798828
2017-08-02,19.79598617553711
2017-08-03,19.556114196777344
2017-08-04,19.468603134155273
2017-08-07,19.724103927612305
2017-08-08,19.63971710205078
2017-08-09,19.468603134155273
2017-08-10,18.80759048461914
2017-08-11,19.07793426513672
2017-08-14,19.60455322265625
2017-08-15,19.821773529052734
2017-08-16,19.80067253112793
2017-08-17,19.295143127441406
2017-08-18,19.484233856201172
2017-08-21,19.503767013549805
2017-08-22,19.9389705657959
2017-08-23,20.074134826660156
2017-08-24,19.928028106689453
2017-08-25,19.188884735107422
2017-08-28,19.00605583190918
2017-08-29,18.88728904724121
2017-08-30,19.222484588623047
2017-08-31,19.6951904296875
2017-09-01,19.74675941467285
2017-09-05,19.45923614501953
2017-09-06,19.48501205444336
2017-09-07,19.263898849487305
2017-09-08,19.0732479095459
2017-09-11,19.356874465942383
2017-09-12,19.309993743896484
2017-09-13,19.239673614501953
2017-09-14,19.295143127441406
2017-09-15,19.576431274414062
2017-09-18,19.599178314208984
2017-09-19,19.5944766998291
2017-09-20,19.057071685791016
2017-09-21,18.858579635620117
2017-09-22,18.769147872924805
2017-09-25,18.476520538330078
2017-09-26,18.614591598510742
2017-09-27,18.874277114868164
2017-09-28,19.059425354003906
2017-09-29,19.02804183959961
2017-10-02,18.865644454956055
2017-10-03,18.7895450592041
2017-10-04,18.985675811767578
2017-10-05,19.11669158935547
2017-10-06,19.279088973999023
2017-10-09,19.332443237304688
2017-10-10,19.2987060546875
2017-10-11,19.644685745239258
2017-10-12,19.514450073242188
2017-10-13,19.453262329101562
2017-10-16,19.3520565032959
2017-10-17,19.034318923950195
2017-10-18,19.14258575439453
2017-10-19,19.16533660888672
2017-10-20,19.16141128540039
2017-10-23,19.16376495361328
2017-10-24,19.431291580200195
2017-10-25,19.28537368774414
2017-10-26,19.12375259399414
2017-10-27,19.8408203125
2017-10-30,20.494333267211914
2017-10-31,20.704586029052734
2017-11-01,20.342130661010742
2017-11-02,20.358612060546875
2017-11-03,21.467151641845703
2017-11-06,21.772336959838867
2017-11-07,21.285921096801758
2017-11-08,21.370655059814453
2017-11-09,20.840312957763672
2017-11-10,20.786968231201172
2017-11-13,20.79088592529297
2017-11-14,20.653594970703125
2017-11-15,20.83717155456543
2017-11-16,21.3479061126709
2017-11-17,21.328289031982422
2017-11-20,21.56521987915039
2017-11-21,21.699382781982422
2017-11-22,21.603666305541992
2017-11-24,22.153615951538086
2017-11-27,22.3293514251709
2017-11-28,21.76292610168457
2017-11-29,21.300050735473633
2017-11-30,21.805282592773438
2017-12-01,21.30475425720215
2017-12-04,20.68105125427246
2017-12-05,20.527284622192383
2017-12-06,20.70301628112793
2017-12-07,20.70301628112793
2017-12-08,20.39077377319336
2017-12-11,20.393909454345703
2017-12-12,20.295846939086914
2017-12-13,20.55709457397461
2017-12-14,20.34605598449707
2017-12-15,20.847373962402344
2017-12-18,20.87975311279297
2017-12-19,20.825260162353516
2017-12-20,20.97846794128418
2017-12-21,20.65389060974121
2017-12-22,20.718650817871094
2017-12-26,20.38301658630371
2017-12-27,20.463563919067383
2017-12-28,20.56622886657715
2017-12-29,20.288244247436523
2018-01-02,21.086666107177734
2018-01-03,21.3172607421875
2018-01-04,21.324377059936523
2018-01-05,21.450733184814453
2018-01-08,21.50206184387207
2018-01-09,21.204336166381836
2018-01-10,20.756555557250977
2018-01-11,20.80946922302246
2018-01-12,20.871854782104492
2018-01-16,20.78972053527832
2018-01-17,20.991891860961914
2018-01-18,21.3070011138916
2018-01-19,21.03769874572754
2018-01-22,20.699695587158203
2018-01-23,20.762081146240234
2018-01-24,20.28508758544922
2018-01-25,19.52931022644043
2018-01-26,19.805715560913086
2018-01-29,19.38558006286621
2018-01-30,19.030988693237305
2018-01-31,19.587743759155273
2018-02-01,18.858034133911133
2018-02-02,18.596635818481445
2018-02-05,18.013809204101562
2018-02-06,18.983600616455078
2018-02-07,18.74668312072754
2018-02-08,18.12990379333496
2018-02-09,18.59821319580078
2018-02-12,19.30107879638672
2018-02-13,19.416372299194336
2018-02-14,19.558530807495117
2018-02-15,19.887849807739258
2018-02-16,19.655664443969727
2018-02-20,19.713319778442383
2018-02-21,19.63434410095215
2018-02-22,19.691991806030273
2018-02-23,20.03631591796875
2018-02-26,19.97629737854004
2018-02-27,19.886266708374023
2018-02-28,19.463762283325195
2018-03-01,19.214996337890625
2018-03-02,19.812028884887695
2018-03-05,19.504825592041016
2018-03-06,19.819137573242188
2018-03-07,19.51035499572754
2018-03-08,19.50245475769043
2018-03-09,20.041845321655273
2018-03-12,20.75734519958496
2018-03-13,20.629404067993164
2018-03-14,20.57965660095215
2018-03-15,21.145889282226562
2018-03-16,20.127925872802734
2018-03-19,19.344511032104492
2018-03-20,19.139970779418945
2018-03-21,19.71210479736328
2018-03-22,19.51738739013672
2018-03-23,19.430038452148438
2018-03-26,19.85072898864746
2018-03-27,19.581485748291016
2018-03-28,18.965288162231445
2018-03-29,18.882753372192383
2018-04-02,18.244115829467773
2018-04-03,18.97330093383789
2018-04-04,18.99012565612793
2018-04-05,18.935646057128906
2018-04-06,18.339466094970703
2018-04-09,18.80983543395996
2018-04-10,19.211278915405273
2018-04-11,19.256961822509766
2018-04-12,19.18564224243164
2018-04-13,19.78742790222168
2018-04-16,19.982135772705078
2018-04-17,20.17205238342285
2018-04-18,19.999773025512695
2018-04-19,19.460493087768555
2018-04-20,19.000539779663086
2018-04-23,18.706462860107422
2018-04-24,18.30100440979004
2018-04-25,18.349882125854492
2018-04-26,18.463668823242188
2018-04-27,18.65277862548828
2018-04-30,18.3835391998291
2018-05-01,18.460460662841797
2018-05-02,18.329050064086914
2018-05-03,18.049394607543945
2018-05-04,18.4716796875
2018-05-07,18.908395767211914
2018-05-08,19.1391658782959
2018-05-09,19.07506561279297
2018-05-10,19.512575149536133
2018-05-11,19.502155303955078
2018-05-14,19.61273765563965
2018-05-15,19.357925415039062
2018-05-16,19.272184371948242
2018-05-17,19.1872501373291
2018-05-18,18.909996032714844
2018-05-21,19.155195236206055
2018-05-22,19.110321044921875
2018-05-23,19.276193618774414
2018-05-24,19.514183044433594
2018-05-25,20.0350284576416
2018-05-29,20.007781982421875
2018-05-30,19.984542846679688
2018-05-31,20.19849395751953
2018-06-01,20.5406494140625
2018-06-04,20.703311920166016
2018-06-05,20.774633407592773
2018-06-06,21.115985870361328
2018-06-07,21.208938598632812
2018-06-08,20.671266555786133
2018-06-11,20.900432586669922
2018-06-12,20.948514938354492
2018-06-13,21.12079620361328
2018-06-14,21.51183319091797
2018-06-15,21.653661727905273
2018-06-18,21.19451332092285
2018-06-19,21.19045066833496
2018-06-20,21.212379455566406
2018-06-21,21.084890365600586
2018-06-22,21.08976173400879
2018-06-25,20.497777938842773
2018-06-26,20.426313400268555
2018-06-27,20.066577911376953
2018-06-28,19.88711166381836
2018-06-29,19.703588485717773
2018-07-02,19.65567970275879
2018-07-03,19.431554794311523
2018-07-05,19.92772102355957
2018-07-06,20.112865447998047
2018-07-09,20.092561721801758
2018-07-10,20.346736907958984
2018-07-11,19.7685546875
2018-07-12,17.051435470581055
2018-07-13,16.440780639648438
2018-07-16,16.50493049621582
2018-07-17,16.915822982788086
2018-07-18,16.95398712158203
2018-07-19,17.08310890197754
2018-07-20,17.07985496520996
2018-07-23,17.5987548828125
2018-07-24,17.64910888671875
2018-07-25,18.349899291992188
2018-07-26,18.12334632873535
2018-07-27,17.950368881225586
2018-07-30,18.286563873291016
2018-07-31,18.00884246826172
2018-08-01,17.605255126953125
2018-08-02,17.568706512451172
2018-08-03,17.68726921081543
2018-08-06,17.617433547973633
2018-08-07,17.890287399291992
2018-08-08,17.821256637573242
2018-08-09,17.587387084960938
2018-08-10,17.234146118164062
2018-08-13,17.140758514404297
2018-08-14,16.83380699157715
2018-08-15,16.77533721923828
2018-08-16,16.946678161621094
2018-08-17,16.993776321411133
2018-08-20,16.786706924438477
2018-08-21,17.09447479248047
2018-08-22,16.853296279907227
2018-08-23,16.694950103759766
2018-08-24,16.971851348876953
2018-08-27,17.29424285888672
2018-08-28,17.412796020507812
2018-08-29,17.458274841308594
2018-08-30,17.593076705932617
2018-08-31,17.786338806152344
2018-09-04,17.818822860717773
2018-09-05,17.980419158935547
2018-09-06,17.537857055664062
2018-09-07,18.886672973632812
2018-09-10,19.53874397277832
2018-09-11,18.884231567382812
2018-09-12,18.66823387145996
2018-09-13,19.11728858947754
2018-09-14,19.192001342773438
2018-09-17,19.069379806518555
2018-09-18,19.613445281982422
2018-09-19,19.781984329223633
2018-09-20,20.038883209228516
2018-09-21,20.298234939575195
2018-09-24,20.408689498901367
2018-09-25,20.26141929626465
2018-09-26,20.079784393310547
2018-09-27,20.163246154785156
2018-09-28,20.186153411865234
2018-10-01,20.413599014282227
2018-10-02,20.298234939575195
2018-10-03,20.406238555908203
2018-10-04,20.303966522216797
2018-10-05,19.981616973876953
2018-10-08,19.74762535095215
2018-10-09,20.020065307617188
2018-10-10,18.967111587524414
2018-10-11,18.727397918701172
2018-10-12,19.05874252319336
2018-10-15,19.01947593688965
2018-10-16,19.498090744018555
2018-10-17,19.404001235961914
2018-10-18,18.655397415161133
2018-10-19,18.676668167114258
2018-10-22,18.704483032226562
2018-10-23,18.739667892456055
2018-10-24,17.89370346069336
2018-10-25,18.182506561279297
2018-10-26,17.438814163208008
2018-10-29,17.30381965637207
2018-10-30,18.08187484741211
2018-10-31,18.284774780273438
2018-11-01,18.807571411132812
2018-11-02,18.062240600585938
2018-11-05,18.006607055664062
2018-11-06,18.674213409423828
2018-11-07,19.17737579345703
2018-11-08,19.655990600585938
2018-11-09,19.552906036376953
2018-11-12,18.296228408813477
2018-11-13,18.3944091796875
2018-11-14,18.506494522094727
2018-11-15,19.33609962463379
2018-11-16,19.439998626708984
2018-11-19,18.7462100982666
2018-11-20,18.630037307739258
2018-11-21,18.817392349243164
2018-11-23,18.80921173095703
2018-11-26,19.251827239990234
2018-11-27,19.29437255859375
2018-11-28,19.244462966918945
2018-11-29,19.290279388427734
2018-11-30,19.423635482788086
2018-12-03,19.80489730834961
2018-12-04,18.984296798706055
2018-12-06,18.591581344604492
2018-12-07,18.699575424194336
2018-12-10,19.574182510375977
2018-12-11,20.195152282714844
2018-12-12,20.861120223999023
2018-12-13,21.132749557495117
2018-12-14,20.848848342895508
2018-12-17,20.791582107543945
2018-12-18,20.64193344116211
2018-12-19,20.164060592651367
2018-12-20,19.998708724975586
2018-12-21,20.24839210510254
2018-12-24,19.329856872558594
2018-12-26,20.51543426513672
2018-12-27,20.739490509033203
2018-12-28,20.966026306152344
2018-12-31,21.023073196411133
2019-01-02,20.95941734313965
2019-01-03,19.095048904418945
2019-01-04,19.28272819519043
2019-01-07,19.675445556640625
2019-01-08,19.517528533935547
2019-01-09,20.361663818359375
2019-01-10,20.62952995300293
2019-01-11,20.716344833374023
2019-01-14,20.74114418029785
2019-01-15,21.20578956604004
2019-01-16,20.80976676940918
2019-01-17,21.109891891479492
2019-01-18,21.563785552978516
2019-01-22,21.354612350463867
2019-01-23,21.290945053100586
2019-01-24,21.78948974609375
2019-01-25,22.152441024780273
2019-01-28,22.125988006591797
2019-01-29,22.018503189086914
2019-01-30,22.390548706054688
2019-01-31,22.178064346313477
2019-02-01,22.05901527404785
2019-02-04,22.498027801513672
2019-02-05,22.32275390625
2019-02-06,22.836179733276367
2019-02-07,22.247522354125977
2019-02-08,22.658422470092773
2019-02-11,22.79566764831543
2019-02-12,23.099090576171875
2019-02-13,23.258657455444336
2019-02-14,23.273540496826172
2019-02-15,23.309091567993164
2019-02-19,23.286767959594727
2019-02-20,23.432275772094727
2019-02-21,23.22723960876465
2019-02-22,22.86015510559082
2019-02-25,23.03377914428711
2019-02-26,22.73613929748535
2019-02-27,22.445945739746094
2019-02-28,22.765905380249023
2019-03-01,22.55011749267578
2019-03-04,22.727046966552734
2019-03-05,22.902318954467773
2019-03-06,22.43437385559082
2019-03-07,21.9515380859375
2019-03-08,21.842403411865234
2019-03-11,22.245038986206055
2019-03-12,22.29216194152832
2019-03-13,22.42279624938965
2019-03-14,22.173934936523438
2019-03-15,24.00027084350586
2019-03-18,24.29376983642578
2019-03-19,24.746015548706055
2019-03-20,24.276382446289062
2019-03-21,24.7576847076416
2019-03-22,24.41152000427246
2019-03-25,24.37064552307129
2019-03-26,24.77687644958496
2019-03-27,24.68846321105957
2019-03-28,24.94704818725586
2019-03-29,25.083845138549805
2019-04-01,25.507596969604492
2019-04-02,25.27903938293457
2019-04-03,25.37496566772461
2019-04-04,25.191455841064453
2019-04-05,25.381637573242188
2019-04-08,25.398324966430664
2019-04-09,25.312408447265625
2019-04-10,25.651071548461914
2019-04-11,25.809560775756836
2019-04-12,26.445186614990234
2019-04-15,26.392629623413086
2019-04-16,26.567808151245117
2019-04-17,26.737144470214844
2019-04-18,26.57781410217285
2019-04-22,26.27585220336914
2019-04-23,26.32923698425293
2019-04-24,26.219961166381836
2019-04-25,26.010591506958008
2019-04-26,25.892976760864258
2019-04-29,26.085662841796875
2019-04-30,26.559463500976562
2019-05-01,26.601173400878906
2019-05-02,26.344257354736328
2019-05-03,26.335079193115234
2019-05-06,25.989736557006836
2019-05-07,25.632719039916992
2019-05-08,25.307401657104492
2019-05-09,25.363292694091797
2019-05-10,25.354948043823242
2019-05-13,24.472408294677734
2019-05-14,25.191455841064453
2019-05-15,25.38915252685547
2019-05-16,24.798566818237305
2019-05-17,24.181293487548828
2019-05-20,22.73820686340332
2019-05-21,22.966768264770508
2019-05-22,22.45709991455078
2019-05-23,21.69551658630371
2019-05-24,21.349340438842773
2019-05-28,21.227556228637695
2019-05-29,21.197519302368164
2019-05-30,21.406063079833984
2019-05-31,20.99065589904785
2019-06-03,21.119115829467773
2019-06-04,22.16347312927246
2019-06-05,22.165143966674805
2019-06-06,22.75489044189453
2019-06-07,22.928390502929688
2019-06-10,23.373828887939453
2019-06-11,23.6466007232666
2019-06-12,23.333791732788086
2019-06-13,23.490612030029297
2019-06-14,22.182659149169922
2019-06-17,22.185991287231445
2019-06-18,23.19365692138672
2019-06-19,23.146940231323242
2019-06-20,23.277074813842773
2019-06-21,23.074108123779297
2019-06-24,23.512868881225586
2019-06-25,23.286334991455078
2019-06-26,23.701509475708008
2019-06-27,24.061111450195312
2019-06-28,24.242172241210938
2019-07-01,25.29401969909668
2019-07-02,24.87126350402832
2019-07-03,23.992055892944336
2019-07-05,23.804256439208984
2019-07-08,23.155797958374023
2019-07-09,23.20380210876465
2019-07-10,23.117061614990234
2019-07-11,23.24843978881836
2019-07-12,24.034162521362305
2019-07-15,24.282596588134766
2019-07-16,23.928054809570312
2019-07-17,24.008056640625
2019-07-18,24.403867721557617
2019-07-19,24.422395706176758
2019-07-22,24.940319061279297
2019-07-23,25.330236434936523
2019-07-24,25.58203887939453
2019-07-25,25.297388076782227
2019-07-26,25.342021942138672
2019-07-29,25.41107749938965
2019-07-30,25.227493286132812
2019-07-31,24.421554565429688
2019-08-01,24.029949188232422
2019-08-02,23.456453323364258
2019-08-05,22.541032791137695
2019-08-06,22.438283920288086
2019-08-07,22.742300033569336
2019-08-08,22.82062339782715
2019-08-09,23.22064971923828
2019-08-12,23.21306610107422
2019-08-13,23.89183807373047
2019-08-14,22.869464874267578
2019-08-15,22.62356185913086
2019-08-16,23.056427001953125
2019-08-19,23.47750473022461
2019-08-20,23.611404418945312
2019-08-21,24.211851119995117
2019-08-22,24.221960067749023
2019-08-23,22.91746711730957
2019-08-26,23.346126556396484
2019-08-27,23.207168579101562
2019-08-28,23.24843978881836
2019-08-29,23.864049911499023
2019-08-30,23.802568435668945
2019-09-03,23.079160690307617
2019-09-04,23.834571838378906
2019-09-05,24.5082950592041
2019-09-06,24.58324432373047
2019-09-09,24.642192840576172
2019-09-10,24.796314239501953
2019-09-11,25.096961975097656
2019-09-12,25.31339454650879
2019-09-13,24.4493408203125
2019-09-16,24.309545516967773
2019-09-17,24.323862075805664
2019-09-18,24.23206901550293
2019-09-19,24.476293563842773
2019-09-20,24.159278869628906
2019-09-23,24.261266708374023
2019-09-24,23.993545532226562
2019-09-25,23.437713623046875
2019-09-26,23.53460121154785
2019-09-27,23.299179077148438
2019-09-30,23.463212966918945
2019-10-01,23.359525680541992
2019-10-02,22.953266143798828
2019-10-03,23.323823928833008
2019-10-04,23.91875648498535
2019-10-07,23.46406364440918
2019-10-08,22.975372314453125
2019-10-09,23.21504020690918
2019-10-10,23.325529098510742
2019-10-11,23.87456512451172
2019-10-14,23.938310623168945
2019-10-15,24.67431640625
2019-10-16,24.517940521240234
2019-10-17,24.598676681518555
2019-10-18,24.36920166015625
2019-10-21,24.61057472229004
2019-10-22,24.43124771118164
2019-10-23,23.824413299560547
2019-10-24,23.993545532226562
2019-10-25,24.631824493408203
2019-10-28,24.778852462768555
2019-10-29,24.490741729736328
2019-10-30,24.667516708374023
2019-10-31,24.889345169067383
2019-11-01,25.20720863342285
2019-11-04,25.921968460083008
2019-11-05,26.69028663635254
2019-11-06,26.615493774414062
2019-11-07,26.494810104370117
2019-11-08,26.63673973083496
2019-11-11,26.58064842224121
2019-11-12,26.816917419433594
2019-11-13,26.658836364746094
2019-11-14,26.259384155273438
2019-11-15,26.594247817993164
2019-11-18,26.437862396240234
2019-11-19,27.00135040283203
2019-11-20,26.48885726928711
2019-11-21,26.79311752319336
2019-11-22,26.765073776245117
2019-11-25,27.164525985717773
2019-11-26,26.87981414794922
2019-11-27,27.064239501953125
2019-11-29,26.874706268310547
2019-12-02,26.408119201660156
2019-12-03,26.05116081237793
2019-12-04,26.32312774658203
2019-12-05,26.44806671142578
2019-12-06,26.86111831665039
2019-12-09,26.719179153442383
2019-12-10,26.776975631713867
2019-12-11,27.17302703857422
2019-12-12,27.859752655029297
2019-12-13,26.807565689086914
2019-12-16,27.462841033935547
2019-12-17,27.51978874206543
2019-12-18,27.829151153564453
2019-12-19,27.545284271240234
2019-12-20,27.38646125793457
2019-12-23,27.431961059570312
2019-12-24,27.51523780822754
2019-12-26,27.298892974853516
2019-12-27,27.174407958984375
2019-12-30,26.910844802856445
2019-12-31,27.130624771118164
2020-01-02,27.677494049072266
2020-01-03,26.973514556884766
2020-01-06,26.933164596557617
2020-01-07,26.840444564819336
2020-01-08,26.50562858581543
2020-01-09,26.2927188873291
2020-01-10,25.68832778930664
2020-01-13,25.856595993041992
2020-01-14,26.45755386352539
2020-01-15,26.02486228942871
2020-01-16,26.36054039001465
2020-01-17,26.509920120239258
2020-01-21,26.44810676574707
2020-01-22,26.8687801361084
2020-01-23,27.442258834838867
2020-01-24,27.81571388244629
2020-01-27,26.53052520751953
2020-01-28,27.32721710205078
2020-01-29,27.2585391998291
2020-01-30,27.060226440429688
2020-01-31,26.19828224182129
2020-02-03,26.204286575317383
2020-02-04,26.75115966796875
2020-02-05,27.24738121032715
2020-02-06,27.44569206237793
2020-02-07,27.06279945373535
2020-02-10,26.97437858581543
2020-02-11,27.486045837402344
2020-02-12,27.875810623168945
2020-02-13,27.813138961791992
2020-02-14,27.280858993530273
2020-02-18,26.678192138671875
2020-02-19,27.102291107177734
2020-02-20,26.548555374145508
2020-02-21,26.141618728637695
2020-02-24,25.034137725830078
2020-02-25,24.268354415893555
2020-02-26,24.543073654174805
2020-02-27,23.518878936767578
2020-02-28,23.40468978881836
2020-03-02,24.464946746826172
2020-03-03,23.544633865356445
2020-03-04,24.506160736083984
2020-03-05,23.52659797668457
2020-03-06,23.132545471191406
2020-03-09,21.267004013061523
2020-03-10,22.57022476196289
2020-03-11,21.116764068603516
2020-03-12,18.7824764251709
2020-03-13,20.108015060424805
2020-03-16,16.103925704956055
2020-03-17,17.128128051757812
2020-03-18,14.411802291870117
2020-03-19,16.69371795654297
2020-03-20,16.782779693603516
2020-03-23,16.89191436767578
2020-03-24,18.57613182067871
2020-03-25,18.99434471130371
2020-03-26,21.23123550415039
2020-03-27,20.1416015625
2020-03-30,20.964069366455078
2020-03-31,20.70125961303711
2020-04-01,19.52519989013672
2020-04-02,20.697776794433594
2020-04-03,20.453306198120117
2020-04-06,22.04060173034668
2020-04-07,22.113067626953125
2020-04-08,22.796703338623047
2020-04-09,22.20299530029297
2020-04-13,22.69367790222168
2020-04-14,23.366851806640625
2020-04-15,22.477148056030273
2020-04-16,22.55136489868164
2020-04-17,23.214048385620117
2020-04-20,22.550491333007812
2020-04-21,21.62238883972168
2020-04-22,22.69804573059082
2020-04-23,22.60724639892578
2020-04-24,23.120628356933594
2020-04-27,23.43843650817871
2020-04-28,23.113643646240234
2020-04-29,24.099374771118164
2020-04-30,23.7152156829834
2020-05-01,22.67447280883789
2020-05-04,22.897985458374023
2020-05-05,23.12586784362793
2020-05-06,23.065622329711914
2020-05-07,23.377321243286133
2020-05-08,24.0129451751709
2020-05-11,24.045249938964844
2020-05-12,23.43843650817871
2020-05-13,22.975692749023438
2020-05-14,23.276914596557617
2020-05-15,22.73646354675293
2020-05-18,23.881975173950195
2020-05-19,23.74402618408203
2020-05-20,24.331619262695312
2020-05-21,23.992860794067383
2020-05-22,24.154380798339844
2020-05-26,24.62323570251465
2020-05-27,25.109556198120117
2020-05-28,24.721023559570312
2020-05-29,25.430864334106445
2020-06-01,25.319107055664062
2020-06-02,26.023693084716797
2020-06-03,27.025144577026367
2020-06-04,26.96926498413086
2020-06-05,27.684335708618164
2020-06-08,27.722755432128906
2020-06-09,27.530668258666992
2020-06-10,27.506223678588867
2020-06-11,25.647390365600586
2020-06-12,26.214906692504883
2020-06-15,26.5501766204834
2020-06-16,27.129043579101562
2020-06-17,27.366531372070312
2020-06-18,27.826656341552734
2020-06-19,26.70726776123047
2020-06-22,27.657289505004883
2020-06-23,27.459699630737305
2020-06-24,27.077747344970703
2020-06-25,27.243587493896484
2020-06-26,27.11656379699707
2020-06-29,27.325618743896484
2020-06-30,27.839885711669922
2020-07-01,27.585840225219727
2020-07-02,27.82753562927246
2020-07-06,28.12038803100586
2020-07-07,27.620241165161133
2020-07-08,28.18919563293457
2020-07-09,28.35944175720215
2020-07-10,28.177724838256836
2020-07-13,27.460580825805664
2020-07-14,27.79313087463379
2020-07-15,27.678462982177734
2020-07-16,27.463226318359375
2020-07-17,27.584074020385742
2020-07-20,27.973962783813477
2020-07-21,27.727859497070312
2020-07-22,27.680225372314453
2020-07-23,27.31591796875
2020-07-24,26.973665237426758
2020-07-27,27.5814266204834
2020-07-28,27.111268997192383
2020-07-29,27.243587493896484
2020-07-30,27.530261993408203
2020-07-31,27.94044303894043
2020-08-03,28.335622787475586
2020-08-04,28.967201232910156
2020-08-05,29.068647384643555
2020-08-06,29.03512954711914
2020-08-07,28.750205993652344
2020-08-10,28.876346588134766
2020-08-11,28.582609176635742
2020-08-12,29.4302978515625
2020-08-13,29.05805778503418
2020-08-14,28.91692352294922
2020-08-17,29.137447357177734
2020-08-18,28.989253997802734
2020-08-19,29.03954315185547
2020-08-20,29.006017684936523
2020-08-21,29.110984802246094
2020-08-24,29.462059020996094
2020-08-25,29.650827407836914
2020-08-26,29.96221160888672
2020-08-27,29.915462493896484
2020-08-28,30.416488647460938
2020-08-31,30.622013092041016
2020-09-01,31.714927673339844
2020-09-02,33.07954406738281
2020-09-03,31.057777404785156
2020-09-04,32.01572799682617
2020-09-08,30.921052932739258
2020-09-09,31.758167266845703
2020-09-10,31.497940063476562
2020-09-11,31.729053497314453
2020-09-14,31.949573516845703
2020-09-15,32.36503982543945
2020-09-16,32.37651443481445
2020-09-17,32.2777099609375
2020-09-18,31.731691360473633
2020-09-21,31.31421661376953
2020-09-22,32.186561584472656
2020-09-23,31.29641342163086
2020-09-24,31.379201889038086
2020-09-25,31.76018714904785
2020-09-28,32.694828033447266
2020-09-29,32.42422866821289
2020-09-30,32.4295654296875
2020-10-01,32.81053924560547
2020-10-02,31.762849807739258
2020-10-05,32.588016510009766
2020-10-06,32.399295806884766
2020-10-07,32.64498519897461
2020-10-08,33.23158645629883
2020-10-09,33.531558990478516
2020-10-12,34.0416145324707
2020-10-13,33.95793533325195
2020-10-14,33.85200881958008
2020-10-15,33.81907653808594
2020-10-16,33.705135345458984
2020-10-19,33.44878005981445
2020-10-20,33.557373046875
2020-10-21,33.117645263671875
2020-10-22,33.235145568847656
2020-10-23,33.177284240722656
2020-10-26,32.31563186645508
2020-10-27,32.00942611694336
2020-10-28,30.906543731689453
2020-10-29,31.600849151611328
2020-10-30,31.121952056884766
2020-11-02,31.266157150268555
2020-11-03,31.48958396911621
2020-11-04,32.45716857910156
2020-11-05,33.902748107910156
2020-11-06,33.8804931640625
2020-11-09,33.42830276489258
2020-11-10,32.32364273071289
2020-11-11,33.46213912963867
2020-11-12,32.952972412109375
2020-11-13,33.2467155456543
2020-11-16,33.89741134643555
2020-11-17,33.87871170043945
2020-11-18,33.8804931640625
2020-11-19,34.21073913574219
2020-11-20,34.12172317504883
2020-11-23,34.44841003417969
2020-11-24,34.913944244384766
2020-11-25,34.78933334350586
2020-11-27,35.15606689453125
2020-11-30,35.74623107910156
2020-12-01,36.01239013671875
2020-12-02,35.937599182128906
2020-12-03,35.58778762817383
2020-12-04,36.64527130126953
2020-12-07,37.465091705322266
2020-12-08,37.68940734863281
2020-12-09,37.04939270019531
2020-12-10,36.49928665161133
2020-12-11,36.12364196777344
2020-12-14,36.65594482421875
2020-12-15,37.21318435668945
2020-12-16,37.822044372558594
2020-12-17,37.9288444519043
2020-12-18,39.01151657104492
2020-12-21,38.50159454345703
2020-12-22,38.880435943603516
2020-12-23,38.194576263427734
2020-12-24,38.73320770263672
2020-12-28,38.77091598510742
2020-12-29,38.515960693359375
2020-12-30,39.03574752807617
2020-12-31,39.30685043334961
2021-01-04,38.17301940917969
2021-01-05,38.431575775146484
2021-01-06,38.194576263427734
2021-01-07,39.80419158935547
2021-01-08,40.00618362426758
2021-01-11,40.0169677734375
2021-01-12,40.342830657958984
2021-01-13,40.50621032714844
2021-01-14,40.58342361450195
2021-01-15,40.02503967285156
2021-01-19,41.22978591918945
2021-01-20,41.46409606933594
2021-01-21,41.90756607055664
2021-01-22,41.74596405029297
2021-01-25,41.72532272338867
2021-01-26,41.64273452758789
2021-01-27,39.92180252075195
2021-01-28,40.553794860839844
2021-01-29,40.442481994628906
2021-02-01,41.90037536621094
2021-02-02,42.8106803894043
2021-02-03,41.76123046875
2021-02-04,42.24959182739258
2021-02-05,41.83484649658203
2021-02-08,42.4354248046875
2021-02-09,42.60868835449219
2021-02-10,42.197532653808594
2021-02-11,42.94624710083008
2021-02-12,43.658138275146484
2021-02-16,43.91038513183594
2021-02-17,43.31340408325195
2021-02-18,43.383419036865234
2021-02-19,43.984893798828125
2021-02-22,42.763999938964844
2021-02-23,42.36360549926758
2021-02-24,43.169769287109375
2021-02-25,41.04037094116211
2021-02-26,42.181373596191406
2021-03-01,43.95078659057617
2021-03-02,43.13654327392578
2021-03-03,41.57002639770508
2021-03-04,39.822147369384766
2021-03-05,40.41016387939453
2021-03-08,37.8166389465332
2021-03-09,39.82304763793945
2021-03-10,39.28351974487305
2021-03-11,40.72886276245117
2021-03-12,40.502620697021484
2021-03-15,42.26216125488281
2021-03-16,42.92737579345703
2021-03-17,43.41305160522461
2021-03-18,41.66786575317383
2021-03-19,42.926368713378906
2021-03-22,43.00055694580078
2021-03-23,41.985435485839844
2021-03-24,41.37112045288086
2021-03-25,41.77191925048828
2021-03-26,43.61215591430664
2021-03-29,42.759891510009766
2021-03-30,41.270694732666016
2021-03-31,41.94925308227539
2021-04-01,43.06118392944336
2021-04-05,44.19480895996094
2021-04-06,43.77773666381836
2021-04-07,43.650150299072266
2021-04-08,43.92339324951172
2021-04-09,43.88811111450195
2021-04-12,43.759639739990234
2021-04-13,43.87635040283203
2021-04-14,43.18331527709961
2021-04-15,43.42759323120117
2021-04-16,43.318119049072266
2021-04-19,41.79905319213867
2021-04-20,41.370208740234375
2021-04-21,41.59910583496094
2021-04-22,41.17569351196289
2021-04-23,42.17272186279297
2021-04-26,42.69023513793945
2021-04-27,42.192623138427734
2021-04-28,41.54573440551758
2021-04-29,42.187198638916016
2021-04-30,41.27430725097656
2021-05-03,40.72603988647461
2021-05-04,40.219383239746094
2021-05-05,40.15514373779297
2021-05-06,40.584903717041016
2021-05-07,40.9467887878418
2021-05-10,39.455780029296875
2021-05-11,39.814964294433594
2021-05-12,38.2144660949707
2021-05-13,38.95817565917969
2021-05-14,39.955204010009766
2021-05-17,39.80319595336914
2021-05-18,39.24225997924805
2021-05-19,39.9642448425293
2021-05-20,41.165740966796875
2021-05-21,40.8255615234375
2021-05-24,41.54481887817383
2021-05-25,41.57649612426758
2021-05-26,41.662445068359375
2021-05-27,42.31294631958008
2021-05-28,42.73365783691406
2021-06-01,42.369956970214844
2021-06-02,42.860321044921875
2021-06-03,42.052391052246094
2021-06-04,42.9752197265625
2021-06-07,41.96010208129883
2021-06-08,41.93749237060547
2021-06-09,41.973670959472656
2021-06-10,42.40251159667969
2021-06-11,42.58618927001953
2021-06-14,43.05031967163086
2021-06-15,42.58980178833008
2021-06-16,42.138343811035156
2021-06-17,42.62871551513672
2021-06-18,41.93477249145508
2021-06-21,42.36423873901367
2021-06-22,42.34965133666992
2021-06-23,42.55116271972656
2021-06-24,42.861183166503906
2021-06-25,42.14448547363281
2021-06-28,43.111019134521484
2021-06-29,43.507659912109375
2021-06-30,43.47940444946289
2021-07-01,42.82288360595703
2021-07-02,42.688846588134766
2021-07-06,43.15478515625
2021-07-07,42.813758850097656
2021-07-08,42.901302337646484
2021-07-09,43.78394317626953
2021-07-12,44.29183578491211
2021-07-13,44.133174896240234
2021-07-14,43.912513732910156
2021-07-15,43.52499008178711
2021-07-16,42.67972946166992
2021-07-19,42.460899353027344
2021-07-20,42.72715377807617
2021-07-21,43.67817687988281
2021-07-22,43.432899475097656
2021-07-23,44.05475616455078
2021-07-26,43.9717903137207
2021-07-27,43.34444808959961
2021-07-28,43.553260803222656
2021-07-29,44.142295837402344
2021-07-30,44.259918212890625
2021-08-02,44.19426345825195
2021-08-03,44.38666534423828
2021-08-04,44.478755950927734
2021-08-05,44.46690368652344
2021-08-06,44.26265335083008
2021-08-09,44.19426345825195
2021-08-10,43.97360610961914
2021-08-11,44.09122848510742
2021-08-12,44.15597152709961
2021-08-13,44.3292121887207
2021-08-16,44.50975799560547
2021-08-17,43.64808654785156
2021-08-18,42.76179504394531
2021-08-19,43.177581787109375
2021-08-20,43.327125549316406
2021-08-23,43.990936279296875
2021-08-24,43.897926330566406
2021-08-25,44.07847213745117
2021-08-26,44.290924072265625
2021-08-27,45.220977783203125
2021-08-30,45.48997116088867
2021-08-31,45.33678436279297
2021-09-01,44.96749496459961
2021-09-02,44.85260772705078
2021-09-03,45.379642486572266
2021-09-07,45.280250549316406
2021-09-08,45.07874298095703
2021-09-09,44.997581481933594
2021-09-10,45.42249298095703
2021-09-13,45.49635696411133
2021-09-14,45.76169204711914
2021-09-15,46.47929763793945
2021-09-16,46.26137161254883
2021-09-17,46.138282775878906
2021-09-20,45.118858337402344
2021-09-21,45.09773254394531
2021-09-22,45.97949981689453
2021-09-23,46.32026290893555
2021-09-24,46.37721633911133
2021-09-27,46.370784759521484
2021-09-28,45.10049057006836
2021-09-29,44.95903396606445
2021-09-30,44.5411262512207
2021-10-01,44.763389587402344
2021-10-04,43.716304779052734
2021-10-05,44.58613204956055
2021-10-06,44.894744873046875
2021-10-07,45.366844177246094
2021-10-08,45.268577575683594
2021-10-11,45.221736907958984
2021-10-12,44.57326889038086
2021-10-13,44.5484619140625
2021-10-14,45.70486068725586
2021-10-15,46.22382354736328
2021-10-18,46.233924865722656
2021-10-19,46.879634857177734
2021-10-20,46.787784576416016
2021-10-21,47.2249870300293
2021-10-22,47.34073257446289
2021-10-25,47.95244216918945
2021-10-26,49.036293029785156
2021-10-27,48.04798126220703
2021-10-28,48.641334533691406
2021-10-29,48.83422088623047
2021-11-01,48.50171661376953
2021-11-02,49.33021926879883
2021-11-03,49.8170166015625
2021-11-04,50.391082763671875
2021-11-05,51.33713912963867
2021-11-08,51.339908599853516
2021-11-09,51.23427200317383
2021-11-10,50.40486526489258
2021-11-11,51.01383972167969
2021-11-12,51.73210525512695
2021-11-15,51.9663200378418
2021-11-16,52.241878509521484
2021-11-17,52.32178497314453
2021-11-18,52.7966423034668
2021-11-19,52.237274169921875
2021-11-22,50.81911087036133
2021-11-23,50.98810958862305
2021-11-24,51.319698333740234
2021-11-26,50.20463562011719
2021-11-29,51.8349723815918
2021-11-30,50.8558464050293
2021-12-01,50.95504379272461
2021-12-02,50.74286651611328
2021-12-03,51.263668060302734
2021-12-06,51.893768310546875
2021-12-07,54.22861099243164
2021-12-08,54.05958938598633
2021-12-09,53.58749008178711
2021-12-10,58.02019500732422
2021-12-13,57.099857330322266
2021-12-14,56.47986602783203
2021-12-15,58.77153396606445
2021-12-16,57.009849548339844
2021-12-17,58.32145690917969
2021-12-20,59.24639892578125
2021-12-21,59.73724365234375
2021-12-22,60.565486907958984
2021-12-23,61.452911376953125
2021-12-27,62.329219818115234
2021-12-28,61.84114074707031
2021-12-29,62.174842834472656
2021-12-30,61.47879409790039
2021-12-31,61.50929260253906
2022-01-03,61.31609344482422
2022-01-04,62.01863479614258
2022-01-05,59.4377555847168
2022-01-06,58.88589859008789
2022-01-07,57.23310470581055
2022-01-10,57.41890335083008
2022-01-11,57.50117874145508
2022-01-12,57.496543884277344
2022-01-13,55.20315933227539
2022-01-14,55.12736129760742
2022-01-18,53.409854888916016
2022-01-19,52.13236618041992
2022-01-20,50.630245208740234
2022-01-21,49.29081344604492
2022-01-24,50.06267547607422
2022-01-25,49.374935150146484
2022-01-26,51.49916458129883
2022-01-27,50.13014221191406
2022-01-28,51.774620056152344
2022-01-31,54.15768051147461
2022-02-01,54.78996658325195
2022-02-02,55.77996826171875
2022-02-03,53.692710876464844
2022-02-04,54.55331802368164
2022-02-07,54.3194580078125
2022-02-08,55.483245849609375
2022-02-09,56.51116180419922
2022-02-10,54.66424560546875
2022-02-11,53.00590133666992
2022-02-14,53.482887268066406
2022-02-15,55.71896743774414
2022-02-16,55.20500946044922
2022-02-17,53.52170181274414
2022-02-18,53.61322021484375
2022-02-22,53.37934494018555
2022-02-23,52.24512481689453
2022-02-24,53.6141471862793
2022-02-25,54.35457229614258
2022-02-28,54.30188751220703
2022-03-01,52.70085906982422
2022-03-02,54.148433685302734
2022-03-03,53.4847297668457
2022-03-04,55.092227935791016
2022-03-07,52.75446319580078
2022-03-08,53.23976516723633
2022-03-09,55.187442779541016
2022-03-10,54.32868576049805
2022-03-11,53.41539764404297
2022-03-14,52.48639678955078
2022-03-15,54.79365158081055
2022-03-16,56.121070861816406
2022-03-17,55.709716796875
2022-03-18,56.42518615722656
2022-03-21,55.95801544189453
2022-03-22,56.89330291748047
2022-03-23,55.7802619934082
2022-03-24,58.29762268066406
2022-03-25,58.52470397949219
2022-03-28,58.89787292480469
2022-03-29,59.697296142578125
2022-03-30,58.731292724609375
2022-03-31,58.600074768066406
2022-04-01,58.34880828857422
2022-04-04,59.08121109008789
2022-04-05,57.152008056640625
2022-04-06,56.024078369140625
2022-04-07,56.121795654296875
2022-04-08,54.628135681152344
2022-04-11,54.03346252441406
2022-04-12,54.448524475097656
2022-04-13,55.14371109008789
2022-04-14,53.40435791015625
2022-04-18,54.58161163330078
2022-04-19,55.6164665222168
2022-04-20,55.62577438354492
2022-04-21,55.16139602661133
2022-04-22,54.62348937988281
2022-04-25,54.71003341674805
2022-04-26,52.12194061279297
2022-04-27,52.07261657714844
2022-04-28,53.87804412841797
2022-04-29,51.59334182739258
2022-05-02,53.63700866699219
2022-05-03,54.08557891845703
2022-05-04,56.17857360839844
2022-05-05,53.97576141357422
2022-05-06,53.98600387573242
2022-05-09,52.38717269897461
2022-05-10,54.10605239868164
2022-05-11,52.7771110534668
2022-05-12,53.19217300415039
2022-05-13,54.7435417175293
2022-05-16,54.22517395019531
2022-05-17,56.59641647338867
2022-05-18,53.09910583496094
2022-05-19,50.83208465576172
2022-05-20,50.5510368347168
2022-05-23,48.98478317260742
2022-05-24,48.78376007080078
2022-05-25,49.4752197265625
2022-05-26,51.24620819091797
2022-05-27,54.28194046020508
2022-05-31,53.988792419433594
2022-06-01,53.38294982910156
2022-06-02,53.67330551147461
2022-06-03,52.42440414428711
2022-06-06,52.22990798950195
2022-06-07,53.324317932128906
2022-06-08,52.6142463684082
2022-06-09,51.76365661621094
2022-06-10,50.372352600097656
2022-06-13,48.17141342163086
2022-06-14,48.408714294433594
2022-06-15,49.017356872558594
2022-06-16,46.269195556640625
2022-06-17,46.406009674072266
2022-06-21,47.271156311035156
2022-06-22,46.55144119262695
2022-06-23,46.59648513793945
2022-06-24,47.77035140991211
2022-06-27,47.45320129394531
2022-06-28,46.7719612121582
2022-06-29,46.01751708984375
2022-06-30,45.585880279541016
2022-07-01,44.83802032470703
2022-07-05,44.693511962890625
2022-07-06,45.285606384277344
2022-07-07,46.7803955078125
2022-07-08,46.79448318481445
2022-07-11,45.3090705871582
2022-07-12,45.16925811767578
2022-07-13,45.203033447265625
2022-07-14,45.476097106933594
2022-07-15,46.397552490234375
2022-07-18,46.078521728515625
2022-07-19,47.76190948486328
2022-07-20,48.02183151245117
2022-07-21,48.576393127441406
2022-07-22,48.09220504760742
2022-07-25,48.1475715637207
2022-07-26,47.95802688598633
2022-07-27,49.52507019042969
2022-07-28,50.07118606567383
2022-07-29,50.24665832519531
2022-08-01,50.33017349243164
2022-08-02,49.84598159790039
2022-08-03,51.303226470947266
2022-08-04,51.87186813354492
2022-08-05,51.744258880615234
2022-08-08,51.189701080322266
2022-08-09,49.99517822265625
2022-08-10,51.647613525390625
2022-08-11,51.18031311035156
2022-08-12,52.38139724731445
2022-08-15,52.449893951416016
2022-08-16,51.76396179199219
2022-08-17,50.53847885131836
2022-08-18,52.402042388916016
2022-08-19,51.46181106567383
2022-08-22,49.615150451660156
2022-08-23,49.71179962158203
2022-08-24,49.81126022338867
2022-08-25,51.621337890625
2022-08-26,48.87479782104492
2022-08-29,48.24797058105469
2022-08-30,47.517005920410156
2022-08-31,46.833885192871094
2022-09-01,46.16765213012695
2022-09-02,46.938045501708984
2022-09-06,46.74849319458008
2022-09-07,47.398765563964844
2022-09-08,48.03684997558594
2022-09-09,49.019287109375
2022-09-12,49.64423751831055
2022-09-13,47.2598991394043
2022-09-14,47.92612075805664
2022-09-15,46.93053436279297
2022-09-16,47.151981353759766
2022-09-19,47.09005355834961
2022-09-20,46.266178131103516
2022-09-21,45.62086868286133
2022-09-22,45.192230224609375
2022-09-23,44.347259521484375
2022-09-26,43.73979187011719
2022-09-27,43.97539520263672
2022-09-28,44.08988571166992
2022-09-29,42.59203338623047
2022-09-30,42.012939453125
2022-10-03,43.22126770019531
2022-10-04,45.40513229370117
2022-10-05,45.872562408447266
2022-10-06,45.37106704711914
2022-10-07,43.57135772705078
2022-10-10,41.41587829589844
2022-10-11,40.75920867919922
2022-10-12,40.74123001098633
2022-10-13,41.441429138183594
2022-10-14,40.41289138793945
2022-10-17,41.19541549682617
2022-10-18,41.14432144165039
2022-10-19,41.18878936767578
2022-10-20,40.7156867980957
2022-10-21,42.55418395996094
2022-10-24,43.196659088134766
2022-10-25,43.53257369995117
2022-10-26,43.63759231567383
2022-10-27,43.09068298339844
2022-10-28,44.746559143066406
2022-10-31,44.483524322509766
2022-11-01,44.273460388183594
2022-11-02,43.15029525756836
2022-11-03,42.02334976196289
2022-11-04,44.02743911743164
2022-11-07,44.96609115600586
2022-11-08,45.61802291870117
2022-11-09,44.4220085144043
2022-11-10,47.932464599609375
2022-11-11,49.02250671386719
2022-11-14,48.561702728271484
2022-11-15,49.6214714050293
2022-11-16,48.420719146728516
2022-11-17,48.45667266845703
2022-11-18,48.74527359008789
2022-11-21,48.96101379394531
2022-11-22,50.15419006347656
2022-11-23,50.4938850402832
2022-11-25,50.14094161987305
2022-11-28,49.412357330322266
2022-11-29,49.33476638793945
2022-11-30,52.13934326171875
2022-12-01,52.112857818603516
2022-12-02,51.1713752746582
2022-12-05,50.21000671386719
2022-12-06,49.75393295288086
2022-12-07,49.06130599975586
2022-12-08,50.251651763916016
2022-12-09,51.54228973388672
2022-12-12,52.66923141479492
2022-12-13,54.032737731933594
2022-12-14,54.35443878173828
2022-12-15,52.798858642578125
2022-12-16,52.60110855102539
2022-12-19,52.44081497192383
2022-12-20,51.90555953979492
2022-12-21,53.54757308959961
2022-12-22,52.77092742919922
2022-12-23,52.70796203613281
2022-12-27,52.813865661621094
2022-12-28,51.98856735229492
2022-12-29,53.221275329589844
2022-12-30,53.34721755981445
2023-01-03,52.80814743041992
2023-01-04,53.453128814697266
2023-01-05,52.955074310302734
2023-01-06,56.142765045166016
2023-01-09,55.04171371459961
2023-01-10,54.854713439941406
2023-01-11,55.16098403930664
2023-01-12,55.52355194091797
2023-01-13,55.243038177490234
2023-01-17,55.26594161987305
2023-01-18,54.79364776611328
2023-01-19,53.73745346069336
2023-01-20,54.458763122558594
2023-01-23,55.493961334228516
2023-01-24,55.818363189697266
2023-01-25,55.88037872314453
2023-01-26,57.11119079589844
2023-01-27,56.387020111083984
2023-01-30,55.47679138183594
2023-01-31,55.81645202636719
2023-02-01,57.50905227661133
2023-02-02,57.79719543457031
2023-02-03,57.019588470458984
2023-02-06,57.370704650878906
2023-02-07,58.625362396240234
2023-02-08,57.409828186035156
2023-02-09,57.19037628173828
2023-02-10,56.60264587402344
2023-02-13,57.35353088378906
2023-02-14,57.46707534790039
2023-02-15,57.98038101196289
2023-02-16,57.29819869995117
2023-02-17,56.825904846191406
2023-02-21,55.48538589477539
2023-02-22,54.973026275634766
2023-02-23,55.70100784301758
2023-02-24,55.123775482177734
2023-02-27,55.85844039916992
2023-02-28,56.701881408691406
2023-03-01,56.63318634033203
2023-03-02,57.11787033081055
2023-03-03,60.372344970703125
2023-03-06,60.387603759765625
2023-03-07,59.64625930786133
2023-03-08,60.32463455200195
2023-03-09,59.395328521728516
2023-03-10,58.66162109375
2023-03-13,58.818092346191406
2023-03-14,60.343719482421875
2023-03-15,59.73117446899414
2023-03-16,60.72917556762695
2023-03-17,60.20155334472656
2023-03-20,61.417091369628906
2023-03-21,61.19029998779297
2023-03-22,60.630043029785156
2023-03-23,61.42862319946289
2023-03-24,61.13456726074219
2023-03-27,60.23796463012695
2023-03-28,60.03232955932617
2023-03-29,60.10919189453125
2023-03-30,60.90200424194336
2023-03-31,61.65060806274414
2023-04-03,61.739986419677734
2023-04-04,60.965431213378906
2023-04-05,60.446502685546875
2023-04-06,59.8343620300293
2023-04-10,60.29082489013672
2023-04-11,59.731536865234375
2023-04-12,59.26353454589844
2023-04-13,59.988121032714844
2023-04-14,59.53645706176758
2023-04-17,60.287940979003906
2023-04-18,60.764583587646484
2023-04-19,60.97407913208008
2023-04-20,60.83185577392578
2023-04-21,60.82032012939453
2023-04-24,60.97792053222656
2023-04-25,59.774776458740234
2023-04-26,59.21453094482422
2023-04-27,59.42786407470703
2023-04-28,60.20529556274414
2023-05-01,61.30561447143555
2023-05-02,58.844547271728516
2023-05-03,58.92719268798828
2023-05-04,58.635047912597656
2023-05-05,60.55317687988281
2023-05-08,60.451316833496094
2023-05-09,59.43747329711914
2023-05-10,60.18319320678711
2023-05-11,60.31773376464844
2023-05-12,60.65214538574219
2023-05-15,61.483402252197266
2023-05-16,61.6409912109375
2023-05-17,63.18144989013672
2023-05-18,65.14472961425781
2023-05-19,65.56275177001953
2023-05-22,65.18988037109375
2023-05-23,65.97118377685547
2023-05-24,65.30136108398438
2023-05-25,70.03610229492188
2023-05-26,78.10160064697266
2023-05-30,77.19923400878906
2023-05-31,77.64321899414062
2023-06-01,75.91248321533203
2023-06-02,78.03143310546875
2023-06-05,77.09931182861328
2023-06-06,75.91729736328125
2023-06-07,76.17003631591797
2023-06-08,77.2818832397461
2023-06-09,77.3222427368164
2023-06-12,82.1982421875
2023-06-13,81.79078674316406
2023-06-14,85.15997314453125
2023-06-15,84.89572143554688
2023-06-16,83.42347717285156
2023-06-20,83.41581726074219
2023-06-21,81.89226531982422
2023-06-22,81.38700866699219
2023-06-23,79.42774963378906
2023-06-26,79.37751770019531
2023-06-27,81.9637451171875
2023-06-28,81.91931915283203
2023-06-29,83.33272552490234
2023-06-30,83.80223083496094
2023-07-03,84.6727066040039
2023-07-05,83.26412963867188
2023-07-06,81.92513275146484
2023-07-07,81.80435180664062
2023-07-10,84.79733276367188
2023-07-11,85.21467590332031
2023-07-12,85.9779052734375
2023-07-13,86.01750946044922
2023-07-14,85.8455581665039
2023-07-17,87.94873809814453
2023-07-18,87.28020477294922
2023-07-19,87.08118438720703
2023-07-20,85.82235717773438
2023-07-21,86.63484191894531
2023-07-24,87.10243225097656
2023-07-25,88.68682861328125
2023-07-26,86.28126525878906
2023-07-27,86.3237533569336
2023-07-28,86.92852020263672
2023-07-31,86.81839752197266
2023-08-01,88.88102722167969
2023-08-02,86.2049331665039
2023-08-03,85.49774169921875
2023-08-04,85.17604064941406
2023-08-07,86.664794921875
2023-08-08,85.32192993164062
2023-08-09,82.18885803222656
2023-08-10,81.43240356445312
2023-08-11,80.16294860839844
2023-08-14,82.51444244384766
2023-08-15,81.39570617675781
2023-08-16,80.47500610351562
2023-08-17,79.90596771240234
2023-08-18,79.78424072265625
2023-08-21,83.58100891113281
2023-08-22,82.67770385742188
2023-08-23,84.68621826171875
2023-08-24,82.5492172241211
2023-08-25,82.29415893554688
2023-08-28,83.18877410888672
2023-08-29,85.97595977783203
2023-08-30,86.20301055908203
2023-08-31,89.16023254394531
2023-09-01,84.29397583007812
2023-09-05,84.26020050048828
2023-09-06,84.26983642578125
2023-09-07,82.7975082397461
2023-09-08,82.84773254394531
2023-09-11,83.00135803222656
2023-09-12,81.58891296386719
2023-09-13,82.40139770507812
2023-09-14,84.20897674560547
2023-09-15,82.2806396484375
2023-09-18,82.11834716796875
2023-09-19,82.04105377197266
2023-09-20,80.67823028564453
2023-09-21,78.52083587646484
2023-09-22,80.53348541259766
2023-09-25,81.000732421875
2023-09-26,79.28141784667969
2023-09-27,79.34164428710938
2023-09-28,80.81713104248047
2023-09-29,80.67919921875
2023-10-02,81.10369110107422
2023-10-03,79.14930725097656
2023-10-04,80.02157592773438
2023-10-05,80.02645874023438
2023-10-06,82.10515594482422
2023-10-09,83.13673400878906
2023-10-10,83.38250732421875
2023-10-11,84.95124053955078
2023-10-12,87.9663314819336
2023-10-13,85.78853607177734
2023-10-16,87.67202758789062
2023-10-17,85.90705871582031
2023-10-18,86.16252899169922
2023-10-19,84.2975082397461
2023-10-20,82.9181900024414
2023-10-23,83.7525863647461
2023-10-24,85.58747100830078
2023-10-25,82.52963256835938
2023-10-26,80.30716705322266
2023-10-27,81.43492889404297
2023-10-30,81.71565246582031
2023-10-31,81.72730255126953
2023-11-01,82.8511734008789
2023-11-02,84.63456726074219
2023-11-03,85.739990234375
2023-11-06,85.56028747558594
2023-11-07,87.21061706542969
2023-11-08,88.50350189208984
2023-11-09,88.52778625488281
2023-11-10,93.00963592529297
2023-11-13,91.98097229003906
2023-11-14,94.5094223022461
2023-11-15,94.74642944335938
2023-11-16,93.20682525634766
2023-11-17,94.9727554321289
2023-11-20,96.7192611694336
2023-11-21,95.3098373413086
2023-11-22,94.41617584228516
2023-11-24,95.08350372314453
2023-11-27,92.302490234375
2023-11-28,91.92464447021484
2023-11-29,91.38844299316406
2023-11-30,89.92168426513672
2023-12-01,90.33647155761719
2023-12-04,89.75074768066406
2023-12-05,88.69680786132812
2023-12-06,87.77595520019531
2023-12-07,89.58462524414062
2023-12-08,91.72550964355469
2023-12-11,99.97623443603516
2023-12-12,104.1569595336914
2023-12-13,105.84811401367188
2023-12-14,107.47999572753906
2023-12-15,109.73841094970703
2023-12-18,111.41496276855469
2023-12-19,111.2032241821289
2023-12-20,108.35380554199219
2023-12-21,110.0039291381836
2023-12-22,109.48577117919922
2023-12-26,110.45279693603516
2023-12-27,109.8946304321289
2023-12-28,109.52771759033203
2023-12-29,108.92662048339844
2024-01-02,105.91423034667969
2024-01-03,103.29903411865234
2024-01-04,102.36515808105469
2024-01-05,102.39151000976562
2024-01-08,104.88668823242188
2024-01-09,105.6322250366211
2024-01-10,105.44486999511719
2024-01-11,107.33894348144531
2024-01-12,108.09031677246094
2024-01-16,108.80072784423828
2024-01-17,107.69901275634766
2024-01-18,111.62574768066406
2024-01-19,118.19208526611328
2024-01-22,119.099609375
2024-01-23,119.66655731201172
2024-01-24,122.35591888427734
2024-01-25,120.02664184570312
2024-01-26,117.57537078857422
2024-01-29,118.83320617675781
2024-01-30,117.89541625976562
2024-01-31,115.14749908447266
2024-02-01,117.10012817382812
2024-02-02,119.47431182861328
2024-02-05,121.3049545288086
2024-02-06,119.30940246582031
2024-02-07,122.667236328125
2024-02-08,124.39442443847656
2024-02-09,125.24144744873047
2024-02-12,123.4420166015625
2024-02-13,122.13929748535156
2024-02-14,123.1707534790039
2024-02-15,123.4488754272461
2024-02-16,121.5372085571289
2024-02-20,119.68997955322266
2024-02-21,119.77779388427734
2024-02-22,127.33558654785156
2024-02-23,126.5031967163086
2024-02-26,127.74832916259766
2024-02-27,126.48953247070312
2024-02-28,125.82500457763672
2024-02-29,126.90523529052734
2024-03-01,136.5347137451172
2024-03-04,136.8362274169922
2024-03-05,131.029052734375
2024-03-06,131.73655700683594
2024-03-07,137.2997589111328
2024-03-08,127.70831298828125
2024-03-11,126.18604278564453
2024-03-12,126.0650634765625
2024-03-13,122.74626159667969
2024-03-14,123.17562866210938
2024-03-15,120.56333923339844
2024-03-18,120.73313903808594
2024-03-19,120.80827331542969
2024-03-20,125.04572296142578
2024-03-21,132.10159301757812
2024-03-22,132.6376495361328
2024-03-25,132.45240783691406
2024-03-26,130.48365783691406
2024-03-27,129.2332000732422
2024-03-28,129.8878173828125
2024-04-01,132.32308959960938
2024-04-02,131.19610595703125
2024-04-03,133.59213256835938
2024-04-04,129.1126251220703
2024-04-05,131.26171875
2024-04-08,130.93539428710938
2024-04-09,130.73745727539062
2024-04-10,129.58990478515625
2024-04-11,135.47862243652344
2024-04-12,131.71646118164062
2024-04-15,128.44525146484375
2024-04-16,130.24549865722656
2024-04-17,125.6954345703125
2024-04-18,123.37877655029297
2024-04-19,118.0594253540039
2024-04-22,119.9948959350586
2024-04-23,122.41837310791016
2024-04-24,123.16609954833984
2024-04-25,126.8508529663086
2024-04-26,131.71646118164062
2024-04-29,131.182373046875
2024-04-30,127.42414093017578
2024-05-01,121.79806518554688
2024-05-02,121.37764739990234
2024-05-03,125.25248718261719
2024-05-06,128.40805053710938
2024-05-07,127.70246887207031
2024-05-08,129.88389587402344
2024-05-09,127.9533462524414
2024-05-10,130.61203002929688
2024-05-13,131.07359313964844
2024-05-14,135.24049377441406
2024-05-15,140.7421112060547
2024-05-16,138.38623046875
2024-05-17,136.73593139648438
2024-05-20,138.5724334716797
2024-05-21,137.1190643310547
2024-05-22,136.43702697753906
2024-05-23,136.5399169921875
2024-05-24,137.96578979492188
2024-05-28,138.4175567626953
2024-05-29,136.2831573486328
2024-05-30,133.6774139404297
2024-05-31,130.19554138183594
2024-06-03,129.54385375976562
2024-06-04,130.41799926757812
2024-06-05,138.48031616210938
2024-06-06,137.3219451904297
2024-06-07,137.8482208251953
2024-06-10,141.16346740722656
2024-06-11,143.17832946777344
2024-06-12,146.55731201171875
2024-06-13,164.5380096435547
2024-06-14,170.0308380126953
2024-06-17,179.22596740722656
2024-06-18,176.64373779296875
2024-06-20,169.98377990722656
2024-06-21,162.54278564453125
2024-06-24,156.52919006347656
2024-06-25,155.406494140625
2024-06-26,156.50852966308594
2024-06-27,155.98358154296875
2024-06-28,157.8386688232422
2024-07-01,161.30606079101562
2024-07-02,162.94581604003906
2024-07-03,169.99855041503906
2024-07-05,167.45135498046875
2024-07-08,171.63442993164062
2024-07-09,170.40061950683594
2024-07-10,171.51939392089844
2024-07-11,167.71087646484375
2024-07-12,167.1918182373047
2024-07-15,168.52194213867188
2024-07-16,166.5164337158203
2024-07-17,153.3429718017578
2024-07-18,157.80624389648438
2024-07-19,154.68984985351562
2024-07-22,158.3370819091797
2024-07-23,161.00128173828125
2024-07-24,148.7814178466797
2024-07-25,146.73660278320312
2024-07-26,149.06651306152344
2024-07-29,147.6803741455078
2024-07-30,141.09364318847656
2024-07-31,157.96353149414062
2024-08-01,144.5344696044922
2024-08-02,141.3885498046875
2024-08-05,139.67796325683594
2024-08-06,141.4868621826172
2024-08-07,133.96620178222656
2024-08-08,143.27610778808594
2024-08-09,145.75347900390625
2024-08-12,146.10740661621094
2024-08-13,153.5199432373047
2024-08-14,155.02406311035156
2024-08-15,163.3213653564453
2024-08-16,162.91831970214844
2024-08-19,164.87466430664062
2024-08-20,163.14442443847656
2024-08-21,162.977294921875
2024-08-22,159.595458984375
2024-08-23,163.5474853515625
2024-08-26,156.9214324951172
2024-08-27,158.66151428222656
2024-08-28,155.5057830810547
2024-08-29,154.27691650390625
2024-08-30,160.06735229492188
2024-09-03,150.2069091796875
2024-09-04,151.51441955566406
2024-09-05,150.23641967773438
2024-09-06,134.683837890625
2024-09-09,138.43927001953125
2024-09-10,145.70433044433594
2024-09-11,155.59426879882812
2024-09-12,161.7779083251953
2024-09-13,164.8550262451172
2024-09-16,161.24703979492188
2024-09-17,159.72323608398438
2024-09-18,158.93678283691406
2024-09-19,165.1309051513672
2024-09-20,168.7606201171875
2024-09-23,170.575439453125
2024-09-24,172.44944763183594
2024-09-25,173.1201629638672
2024-09-26,175.65499877929688
2024-09-27,170.32884216308594
2024-09-30,170.14146423339844
2024-10-01,165.18023681640625
2024-10-02,168.3266143798828
2024-10-03,169.53981018066406
2024-10-04,174.22483825683594
2024-10-07,172.68617248535156
2024-10-08,178.25892639160156
2024-10-09,183.4075469970703
2024-10-10,183.151123046875
2024-10-11,178.99867248535156
2024-10-14,179.81732177734375
2024-10-15,173.57386779785156
2024-10-16,174.40240478515625
2024-10-17,179.0479736328125
2024-10-18,177.43040466308594
2024-10-21,177.529052734375
2024-10-22,176.92739868164062
2024-10-23,171.13766479492188
2024-10-24,169.00718688964844
2024-10-25,170.6346435546875
2024-10-28,169.66802978515625
2024-10-29,176.789306640625
2024-10-30,174.22483825683594
2024-10-31,167.4487762451172
2024-11-01,166.61041259765625
2024-11-04,166.24546813964844
2024-11-05,171.52230834960938
2024-11-06,177.09506225585938
2024-11-07,181.2968292236328
2024-11-08,181.12913513183594
2024-11-11,176.4638214111328
2024-11-12,173.8105926513672
2024-11-13,171.20669555664062
2024-11-14,168.05044555664062
2024-11-15,162.586181640625
2024-11-18,163.40484619140625
2024-11-19,163.08920288085938
2024-11-20,161.01792907714844
2024-11-21,161.69850158691406
2024-11-22,161.98451232910156
2024-11-25,162.5664520263672
2024-11-26,162.48756408691406
2024-11-27,157.48684692382812
2024-11-29,159.8639373779297
2024-12-02,164.2333526611328
2024-12-03,165.8509063720703
2024-12-04,168.22796630859375
2024-12-05,168.1392059326172
2024-12-06,177.07534790039062
2024-12-09,176.493408203125
2024-12-10,169.46090698242188
2024-12-11,180.6951446533203
2024-12-12,178.1898956298828
2024-12-13,221.7263641357422
2024-12-16,246.58180236816406
2024-12-17,236.9453887939453
2024-12-18,220.5625
2024-12-19,215.33499145507812
2024-12-20,217.77117919921875
2024-12-23,229.78717041015625
2024-12-24,237.0363311767578
2024-12-26,242.65367126464844
2024-12-27,239.08349609375
2024-12-30,232.98153686523438
2024-12-31,229.28280639648438
2025-01-02,229.42124938964844
2025-01-03,229.9849853515625
2025-01-06,233.80239868164062
2025-01-07,226.1180877685547
2025-01-08,226.7807159423828
2025-01-10,221.8358612060547
2025-01-13,222.8050537109375
2025-01-14,222.2215576171875
2025-01-15,225.4851531982422
2025-01-16,226.87962341308594
2025-01-17,234.821044921875
2025-01-21,237.65936279296875
2025-01-22,238.2527618408203
2025-01-23,237.62973022460938
2025-01-24,242.00096130371094
2025-01-27,199.90049743652344
2025-01-28,205.07281494140625
2025-01-29,204.07395935058594
2025-01-30,213.28128051757812
2025-01-31,218.8294219970703
2025-02-03,215.3284454345703
2025-02-04,219.97659301757812
2025-02-05,229.4410400390625
2025-02-06,228.80809020996094
2025-02-07,222.3896942138672
2025-02-10,232.44749450683594
2025-02-11,232.44749450683594
2025-02-12,233.74307250976562
2025-02-13,233.19912719726562
2025-02-14,230.4695587158203
2025-02-18,226.00930786132812
2025-02-19,226.20709228515625
2025-02-20,224.2390594482422
2025-02-21,216.24819946289062
2025-02-24,205.6365509033203
2025-02-25,200.3059539794922
2025-02-26,210.5912628173828
2025-02-27,195.61827087402344
2025-02-28,197.23028564453125
2025-03-03,185.30331420898438
2025-03-04,185.41209411621094
2025-03-05,189.46688842773438
2025-03-06,177.47067260742188
2025-03-07,192.80960083007812
2025-03-10,182.41549682617188
2025-03-11,187.99330139160156
2025-03-12,192.08763122558594
2025-03-13,189.24929809570312
2025-03-14,193.38319396972656
2025-03-17,192.3546600341797
2025-03-18,186.58897399902344
2025-03-19,193.41287231445312
2025-03-20,189.008544921875
2025-03-21,190.1195526123047
2025-03-24,189.7128448486328
2025-03-25,186.7468719482422
2025-03-26,177.82913208007812
2025-03-27,170.60765075683594
2025-03-28,167.7606964111328
2025-03-31,166.08428955078125
2025-04-01,167.16554260253906
2025-04-02,170.70681762695312
2025-04-03,152.77215576171875
2025-04-04,145.11419677734375
2025-04-07,152.90110778808594
2025-04-08,154.77593994140625
2025-04-09,183.661865234375
2025-04-10,170.9151611328125
2025-04-11,180.47767639160156
2025-04-14,176.92645263671875
2025-04-15,177.51170349121094
2025-04-16,173.20657348632812
2025-04-17,169.6156768798828
2025-04-21,164.8740997314453
2025-04-22,168.21702575683594
2025-04-23,175.48809814453125
2025-04-24,186.6377410888672
2025-04-25,190.76431274414062
2025-04-28,190.9230499267578
2025-04-29,189.63348388671875
2025-04-30,190.9230499267578
2025-05-01,195.7439727783203
2025-05-02,202.0032501220703
2025-05-05,199.1067352294922
2025-05-06,198.48178100585938
2025-05-07,203.1638641357422
2025-05-08,206.10008239746094
2025-05-09,206.526611328125
2025-05-12,219.799072265625
2025-05-13,230.55194091796875
2025-05-14,230.25436401367188
2025-05-15,230.7701873779297
2025-05-16,226.7725830078125
2025-05-19,228.77633666992188
2025-05-20,229.81787109375
2025-05-21,227.88356018066406
2025-05-22,228.67713928222656
2025-05-23,226.8816680908203
2025-05-27,233.75599670410156
2025-05-28,237.50558471679688
2025-05-29,240.0251922607422
2025-05-30,240.1243896484375
2025-06-02,246.7110137939453
2025-06-03,254.7855987548828
2025-06-04,258.9815979003906
2025-06-05,257.8407897949219
2025-06-06,244.94529724121094
2025-06-09,242.3166046142578
2025-06-10,242.663818359375
2025-06-11,250.87725830078125
2025-06-12,254.01185607910156
2025-06-13,246.7010955810547
2025-06-16,250.07376098632812
2025-06-17,247.36570739746094
2025-06-18,249.24050903320312
2025-06-20,248.5644073486328
2025-06-23,252.32286071777344
2025-06-24,262.26580810546875
2025-06-25,263.14080810546875
2025-06-26,268.62933349609375
2025-06-27,267.8139953613281
2025-06-30,274.0780334472656
2025-07-01,263.2302551269531
2025-07-02,268.3608703613281
2025-07-03,273.6107482910156
2025-07-07,272.616455078125
2025-07-08,270.25
2025-07-09,276.31524658203125
2025-07-10,273.8294677734375
2025-07-11,272.8153076171875
2025-07-14,274.02838134765625
2025-07-15,279.337890625
2025-07-16,279.2086181640625
2025-07-17,284.8164978027344
2025-07-18,281.7242126464844
2025-07-21,286.5664367675781
2025-07-22,277.00128173828125
2025-07-23,282.0722351074219
2025-07-24,287.0635681152344
2025-07-25,288.5251770019531
2025-07-28,292.6217041015625
2025-07-29,295.72393798828125
2025-07-30,300.8942565917969
2025-07-31,292.025146484375
2025-08-01,286.9939880371094
2025-08-04,296.0221862792969
2025-08-05,291.259521484375
2025-08-06,299.94970703125
2025-08-07,302.02777099609375
2025-08-08,303.2308654785156
2025-08-11,302.16693115234375
2025-08-12,311.0460510253906
2025-08-13,307.3273620605469
2025-08-14,309.4552001953125
2025-08-15,304.5930480957031
2025-08-18,304.0163879394531
2025-08-19,293.2282409667969
2025-08-20,289.50958251953125
2025-08-21,287.9485168457031
2025-08-22,292.32342529296875
2025-08-25,292.5521240234375
2025-08-26,296.310546875
2025-08-27,298.53778076171875
2025-08-28,306.889892578125
2025-08-29,295.6941223144531
2025-09-02,296.53924560546875
2025-09-03,300.6656188964844
2025-09-04,304.35443115234375
2025-09-05,332.98028564453125
2025-09-08,343.67889404296875
2025-09-09,334.7501220703125
2025-09-10,367.4624938964844
2025-09-11,357.57916259765625
2025-09-12,357.8177795410156
2025-09-15,362.01373291015625
2025-09-16,357.9470520019531
2025-09-17,344.1959533691406
2025-09-18,343.380615234375
2025-09-19,342.9729309082031
2025-09-22,337.4351806640625
2025-09-23,337.5845642089844
2025-09-24,337.95306396484375
2025-09-25,334.7559509277344
2025-09-26,333.19219970703125
2025-09-29,326.5887145996094
2025-09-30,328.5906677246094
2025-10-01,332.0567932128906
2025-10-02,336.8276062011719
2025-10-03,337.016845703125
2025-10-06,334.1483459472656
2025-10-07,335.0646667480469
2025-10-08,344.11834716796875
2025-10-09,343.6402282714844
2025-10-10,323.331787109375
2025-10-13,355.2735595703125
2025-10-14,342.7538146972656
2025-10-15,349.92498779296875
2025-10-16,352.7337341308594
2025-10-17,347.9329833984375
2025-10-20,347.8433532714844
2025-10-21,341.2897033691406
2025-10-22,338.9391174316406
2025-10-23,342.9131774902344
2025-10-24,352.7138366699219
2025-10-27,360.6021423339844
2025-10-28,371.4784851074219
2025-10-29,384.43646240234375
2025-10-30,374.9645080566406
2025-10-31,368.15185546875
2025-11-03,361.1001281738281
2025-11-04,350.5325622558594
2025-11-05,357.54443359375
2025-11-06,354.16796875
2025-11-07,348.0325927734375
2025-11-10,356.9568176269531
2025-11-11,350.552490234375
2025-11-12,353.7994689941406
2025-11-13,338.6203918457031
2025-11-14,341.0904541015625
2025-11-17,341.2796936035156
2025-11-18,339.1383361816406
2025-11-19,353.0026550292969
2025-11-20,345.43304443359375
2025-11-21,338.8395080566406
2025-11-24,376.448486328125
2025-11-25,383.490234375
2025-11-26,395.9801025390625
2025-11-28,401.3485107421875
2025-12-01,384.5360107421875
2025-12-02,380.0440979003906
2025-12-03,379.0879211425781
2025-12-04,379.5062561035156
2025-12-05,388.6794128417969
2025-12-08,399.4959716796875
2025-12-09,404.66522216796875
2025-12-10,411.3185119628906
2025-12-11,404.7449035644531
2025-12-12,358.4906005859375
2025-12-15,338.4510803222656
2025-12-16,339.93511962890625
2025-12-17,324.7162170410156
2025-12-18,328.560791015625
2025-12-19,338.99884033203125
2025-12-22,340.7352600097656
2025-12-23,348.5887756347656
2025-12-24,349.48687744140625
2025-12-26,351.39288330078125
2025-12-29,348.65863037109375
2025-12-30,349.1176452636719
2025-12-31,345.3755187988281
2026-01-02,346.8923034667969
2026-01-05,342.7011413574219
2026-01-06,343.0503845214844
2026-01-07,342.78094482421875
2026-01-08,331.7840270996094
2026-01-09,344.24786376953125
2026-01-12,351.47271728515625
2026-01-13,353.86767578125
2026-01-14,339.17852783203125
2026-01-15,342.30194091796875
2026-01-16,350.9737548828125
2026-01-20,331.9037780761719
2026-01-21,328.1116943359375
2026-01-22,324.8086242675781
2026-01-23,319.3800354003906
2026-01-26,324.16998291015625
2026-01-27,332.0933837890625
2026-01-28,332.54241943359375
2026-01-29,330.0376892089844
2026-01-30,330.6064758300781
2026-02-02,330.4168701171875
2026-02-03,319.659423828125
2026-02-04,307.4051513671875
2026-02-05,309.8600158691406
2026-02-06,332.2231140136719
2026-02-09,343.22003173828125
2026-02-10,339.72735595703125
2026-02-11,342.0425109863281
2026-02-12,330.4767761230469
2026-02-13,324.48931884765625
2026-02-17,331.8439025878906
2026-02-18,332.8118591308594
2026-02-19,333.29083251953125
2026-02-20,331.9536437988281
2026-02-23,329.64849853515625
2026-02-24,324.8086242675781
2026-02-25,331.6143798828125
2026-02-26,321.0265808105469
2026-02-27,318.8810729980469
2026-03-02,318.1526184082031
2026-03-03,313.18304443359375
2026-03-04,316.86529541015625
2026-03-05,332.0733947753906
2026-03-06,329.7882080078125
2026-03-09,345.0262451171875
2026-03-10,341.86285400390625
2026-03-11,340.85498046875
2026-03-12,335.2667236328125
2026-03-13,321.4856262207031
2026-03-16,324.2398681640625
2026-03-17,320.63739013671875
2026-03-18,315.2686462402344
2026-03-19,319.17047119140625
2026-03-20,309.8600158691406
2026-03-23,322.510009765625
2026-03-24,318.2900085449219
2026-03-25,318.80999755859375
2026-03-26,309.4200134277344
2026-03-27,300.67999267578125
2026-03-30,293.4100036621094
2026-03-31,309.510009765625
2026-04-01,313.489990234375
2026-04-02,314.54998779296875
2026-04-06,314.42999267578125
2026-04-07,333.9700012207031
2026-04-08,350.6300048828125
2026-04-09,354.9100036621094
2026-04-10,371.54998779296875
2026-04-13,379.75
2026-04-14,380.7799987792969
2026-04-15,396.7200012207031
2026-04-16,398.4700012207031
2026-04-17,406.5400085449219
2026-04-20,399.6300048828125
2026-04-21,402.1700134277344
2026-04-22,422.6499938964844
2026-04-23,419.94000244140625
2026-04-24,422.760009765625
2026-04-27,418.20001220703125
2026-04-28,399.8299865722656
2026-04-29,405.45001220703125
2026-04-30,417.42999267578125
2026-05-01,421.2799987792969
2026-05-04,416.5
2026-05-05,427.3599853515625
2026-05-06,425.44000244140625
2026-05-07,412.55999755859375
2026-05-08,430.0
2026-05-11,428.42999267578125
2026-05-12,419.29998779296875
2026-05-13,416.7900085449219
2026-05-14,439.7900085449219
2026-05-15,425.19000244140625
2026-05-18,420.7099914550781
2026-05-19,411.07000732421875
2026-05-20,417.760009765625
2026-05-21,414.57000732421875
2026-05-22,414.1400146484375
2026-05-26,422.010009765625
2026-05-27,421.8599853515625
2026-05-28,426.5799865722656
2026-05-29,446.7699890136719
2026-06-01,459.9700012207031
2026-06-02,481.57000732421875
2026-06-03,479.2300109863281
