Date,MRVL
2016-01-04,8.085439682006836
2016-01-05,7.828178882598877
2016-01-06,7.3963398933410645
2016-01-07,7.469844818115234
2016-01-08,7.5525360107421875
2016-01-11,7.644416809082031
2016-01-12,7.791423797607422
2016-01-13,7.616851329803467
2016-01-14,7.662792682647705
2016-01-15,7.451467514038086
2016-01-19,7.139077663421631
2016-01-20,7.2677083015441895
2016-01-21,7.451467514038086
2016-01-22,7.515782833099365
2016-01-25,7.515782833099365
2016-01-26,7.644416809082031
2016-01-27,7.524972915649414
2016-01-28,7.699544906616211
2016-01-29,8.131380081176758
2016-02-01,8.20488166809082
2016-02-02,7.96599817276001
2016-02-03,8.517277717590332
2016-02-04,8.544840812683105
2016-02-05,8.23244857788086
2016-02-08,8.131380081176758
2016-02-09,7.993560314178467
2016-02-10,7.883304595947266
2016-02-11,7.727108955383301
2016-02-12,7.910866737365723
2016-02-16,8.379457473754883
2016-02-17,8.544840812683105
2016-02-18,8.526464462280273
2016-02-19,8.416208267211914
2016-02-22,8.544840812683105
2016-02-23,8.508089065551758
2016-02-24,8.719411849975586
2016-02-25,8.77453899383545
2016-02-26,8.765349388122559
2016-02-29,8.77453899383545
2016-03-01,8.95829963684082
2016-03-02,9.13287353515625
2016-03-03,9.00423812866211
2016-03-04,8.95829963684082
2016-03-07,9.344199180603027
2016-03-08,9.040992736816406
2016-03-09,9.068553924560547
2016-03-10,9.188000679016113
2016-03-11,9.445265769958496
2016-03-14,9.426888465881348
2016-03-15,9.390140533447266
2016-03-16,9.436079978942871
2016-03-17,9.436079978942871
2016-03-18,9.527957916259766
2016-03-21,9.629023551940918
2016-03-22,9.564709663391113
2016-03-23,9.454452514648438
2016-03-24,9.463693618774414
2016-03-28,9.417482376098633
2016-03-29,9.528388977050781
2016-03-30,9.537628173828125
2016-03-31,9.528388977050781
2016-04-01,9.18643569946289
2016-04-04,8.890695571899414
2016-04-05,10.055176734924316
2016-04-06,10.082900047302246
2016-04-07,9.87957763671875
2016-04-08,9.722469329833984
2016-04-11,9.87957763671875
2016-04-12,9.851853370666504
2016-04-13,9.962757110595703
2016-04-14,9.667015075683594
2016-04-15,9.408245086669922
2016-04-18,9.1494722366333
2016-04-19,9.057049751281738
2016-04-20,9.130987167358398
2016-04-21,9.066291809082031
2016-04-22,9.408245086669922
2016-04-25,9.195677757263184
2016-04-26,9.20492172241211
2016-04-27,9.593079566955566
2016-04-28,9.648533821105957
2016-04-29,9.223404884338379
2016-05-02,9.01084041595459
2016-05-03,8.918420791625977
2016-05-04,8.761308670043945
2016-05-05,8.826004028320312
2016-05-06,8.844489097595215
2016-05-09,8.927665710449219
2016-05-10,9.00160026550293
2016-05-11,8.98311710357666
2016-05-12,8.78903579711914
2016-05-13,8.798277854919434
2016-05-16,8.964631080627441
2016-05-17,8.992359161376953
2016-05-18,9.057049751281738
2016-05-19,8.992359161376953
2016-05-20,9.18643569946289
2016-05-23,9.177197456359863
2016-05-24,9.251131057739258
2016-05-25,9.297341346740723
2016-05-26,9.380516052246094
2016-05-27,9.306581497192383
2016-05-31,9.454452514648438
2016-06-01,9.472938537597656
2016-06-02,9.50066089630127
2016-06-03,9.399003028869629
2016-06-06,9.251131057739258
2016-06-07,9.334306716918945
2016-06-08,9.408245086669922
2016-06-09,9.482179641723633
2016-06-10,9.128915786743164
2016-06-13,9.026662826538086
2016-06-14,9.212589263916016
2016-06-15,9.333441734313965
2016-06-16,9.584437370300293
2016-06-17,9.31484603881836
2016-06-20,9.426397323608398
2016-06-21,9.379921913146973
2016-06-22,9.500768661499023
2016-06-23,9.677398681640625
2016-06-24,9.091733932495117
2016-06-27,8.478179931640625
2016-06-28,8.580443382263184
2016-06-29,8.775662422180176
2016-06-30,8.859331130981445
2016-07-01,8.859331130981445
2016-07-05,8.710589408874512
2016-07-06,8.775662422180176
2016-07-07,9.082443237304688
2016-07-08,9.296255111694336
2016-07-11,9.296255111694336
2016-07-12,9.342735290527344
2016-07-13,9.30555248260498
2016-07-14,9.379921913146973
2016-07-15,9.296255111694336
2016-07-18,9.370623588562012
2016-07-19,9.15680980682373
2016-07-20,10.448990821838379
2016-07-21,10.486175537109375
2016-07-22,10.885912895202637
2016-07-25,10.727872848510742
2016-07-26,10.820836067199707
2016-07-27,10.84873104095459
2016-07-28,11.05324649810791
2016-07-29,10.923094749450684
2016-08-01,11.016059875488281
2016-08-02,10.560545921325684
2016-08-03,10.504764556884766
2016-08-04,10.607025146484375
2016-08-05,10.607025146484375
2016-08-08,10.607025146484375
2016-08-09,10.774357795715332
2016-08-10,10.662800788879395
2016-08-11,10.61631965637207
2016-08-12,10.597728729248047
2016-08-15,10.87661361694336
2016-08-16,10.727872848510742
2016-08-17,10.792948722839355
2016-08-18,10.830134391784668
2016-08-19,11.29494857788086
2016-08-22,11.5552396774292
2016-08-23,11.360018730163574
2016-08-24,11.257762908935547
2016-08-25,11.322834968566895
2016-08-26,11.406501770019531
2016-08-29,11.434391975402832
2016-08-30,11.434391975402832
2016-08-31,11.527351379394531
2016-09-01,11.964278221130371
2016-09-02,12.094427108764648
2016-09-06,12.029350280761719
2016-09-07,11.741165161132812
2016-09-08,11.666796684265137
2016-09-09,11.44368839263916
2016-09-12,11.657499313354492
2016-09-13,11.573834419250488
2016-09-14,11.583131790161133
2016-09-15,11.685388565063477
2016-09-16,11.843424797058105
2016-09-19,11.992166519165039
2016-09-20,11.70398235321045
2016-09-21,12.010758399963379
2016-09-22,12.047943115234375
2016-09-23,12.094427108764648
2016-09-26,12.0197114944458
2016-09-27,12.225176811218262
2016-09-28,12.299887657165527
2016-09-29,12.365266799926758
2016-09-30,12.393280982971191
2016-10-03,12.159802436828613
2016-10-04,12.159802436828613
2016-10-05,12.299887657165527
2016-10-06,12.30923080444336
2016-10-07,12.243852615356445
2016-10-10,12.299887657165527
2016-10-11,11.982351303100586
2016-10-12,12.08508586883545
2016-10-13,12.141118049621582
2016-10-14,12.141118049621582
2016-10-17,12.0197114944458
2016-10-18,12.15046215057373
2016-10-19,12.05706787109375
2016-10-20,12.187817573547363
2016-10-21,12.047728538513184
2016-10-24,12.206499099731445
2016-10-25,12.290548324584961
2016-10-26,12.514694213867188
2016-10-27,12.253190040588379
2016-10-28,12.234514236450195
2016-10-31,12.16913890838623
2016-11-01,12.0944242477417
2016-11-02,12.08508586883545
2016-11-03,11.795564651489258
2016-11-04,11.692831993103027
2016-11-07,12.001035690307617
2016-11-08,11.860939979553223
2016-11-09,11.860939979553223
2016-11-10,11.664814949035645
2016-11-11,12.122444152832031
2016-11-14,12.318568229675293
2016-11-15,12.542710304260254
2016-11-16,12.542710304260254
2016-11-17,12.477338790893555
2016-11-18,13.822199821472168
2016-11-21,13.775503158569336
2016-11-22,13.831539154052734
2016-11-23,13.719467163085938
2016-11-25,13.691446304321289
2016-11-28,13.523338317871094
2016-11-29,13.429948806762695
2016-11-30,13.392594337463379
2016-12-01,13.056375503540039
2016-12-02,13.15017032623291
2016-12-05,13.159550666809082
2016-12-06,13.187689781188965
2016-12-07,13.478456497192383
2016-12-08,13.365899085998535
2016-12-09,13.459695816040039
2016-12-12,13.290863990783691
2016-12-13,13.422179222106934
2016-12-14,13.37528133392334
2016-12-15,13.591010093688965
2016-12-16,13.431558609008789
2016-12-19,13.319001197814941
2016-12-20,13.450319290161133
2016-12-21,13.487835884094238
2016-12-22,13.403419494628906
2016-12-23,13.431558609008789
2016-12-27,13.450319290161133
2016-12-28,13.262725830078125
2016-12-29,13.234586715698242
2016-12-30,13.009476661682129
2017-01-03,13.17830753326416
2017-01-04,13.356521606445312
2017-01-05,13.168928146362305
2017-01-06,13.300244331359863
2017-01-09,13.478456497192383
2017-01-10,13.656670570373535
2017-01-11,13.637911796569824
2017-01-12,13.52535343170166
2017-01-13,13.572251319885254
2017-01-17,13.337762832641602
2017-01-18,13.32838249206543
2017-01-19,13.225207328796387
2017-01-20,13.234586715698242
2017-01-23,13.084515571594238
2017-01-24,13.609768867492676
2017-01-25,14.313237190246582
2017-01-26,14.181924819946289
2017-01-27,14.15378475189209
2017-01-30,13.984954833984375
2017-01-31,13.947432518005371
2017-02-01,14.378893852233887
2017-02-02,14.435173034667969
2017-02-03,14.744698524475098
2017-02-06,14.782218933105469
2017-02-07,14.744698524475098
2017-02-08,14.707180976867676
2017-02-09,14.688423156738281
2017-02-10,14.5195894241333
2017-02-13,14.707180976867676
2017-02-14,14.613384246826172
2017-02-15,14.829120635986328
2017-02-16,14.810356140136719
2017-02-17,14.829120635986328
2017-02-21,15.20429801940918
2017-02-22,15.26995849609375
2017-02-23,15.016709327697754
2017-02-24,15.016709327697754
2017-02-27,15.026084899902344
2017-02-28,14.632144927978516
2017-03-01,14.941670417785645
2017-03-02,14.866633415222168
2017-03-03,15.091743469238281
2017-03-06,15.035466194152832
2017-03-07,14.9510498046875
2017-03-08,14.857254028320312
2017-03-09,14.847875595092773
2017-03-10,15.373128890991211
2017-03-13,15.260578155517578
2017-03-14,15.026084899902344
2017-03-15,15.00732707977295
2017-03-16,15.07298469543457
2017-03-17,15.119884490966797
2017-03-20,15.2418212890625
2017-03-21,14.72594165802002
2017-03-22,14.866633415222168
2017-03-23,14.92291259765625
2017-03-24,14.913535118103027
2017-03-27,14.754080772399902
2017-03-28,14.72594165802002
2017-03-29,14.763460159301758
2017-03-30,14.641523361206055
2017-03-31,14.368468284606934
2017-04-03,14.123655319213867
2017-04-04,14.085990905761719
2017-04-05,14.114240646362305
2017-04-06,14.217816352844238
2017-04-07,14.255478858947754
2017-04-10,14.198984146118164
2017-04-11,13.98241901397705
2017-04-12,13.944758415222168
2017-04-13,13.822352409362793
2017-04-17,13.963587760925293
2017-04-18,14.020081520080566
2017-04-19,14.029500007629395
2017-04-20,14.067159652709961
2017-04-21,14.029500007629395
2017-04-24,14.18015193939209
2017-04-25,14.585026741027832
2017-04-26,13.860013961791992
2017-04-27,14.208396911621094
2017-04-28,14.142492294311523
2017-05-01,14.114240646362305
2017-05-02,13.878844261169434
2017-05-03,14.227228164672852
2017-05-04,14.198984146118164
2017-05-05,14.274312019348145
2017-05-08,14.255478858947754
2017-05-09,14.632108688354492
2017-05-10,14.829841613769531
2017-05-11,14.79217529296875
2017-05-12,14.62269115447998
2017-05-15,15.16880989074707
2017-05-16,15.300629615783691
2017-05-17,14.368468284606934
2017-05-18,14.603859901428223
2017-05-19,15.074650764465332
2017-05-22,15.244132041931152
2017-05-23,15.40420150756836
2017-05-24,15.799666404724121
2017-05-25,15.950315475463867
2017-05-26,16.637664794921875
2017-05-30,16.355194091796875
2017-05-31,16.232791900634766
2017-06-01,16.741235733032227
2017-06-02,16.56233787536621
2017-06-05,16.505842208862305
2017-06-06,16.76948356628418
2017-06-07,16.68474578857422
2017-06-08,16.797733306884766
2017-06-09,16.251619338989258
2017-06-12,16.43052101135254
2017-06-13,16.70357894897461
2017-06-14,16.5152645111084
2017-06-15,16.392854690551758
2017-06-16,16.317529678344727
2017-06-19,16.43052101135254
2017-06-20,16.496429443359375
2017-06-21,16.5152645111084
2017-06-22,16.54350471496582
2017-06-23,16.637664794921875
2017-06-26,16.618831634521484
2017-06-27,15.809083938598633
2017-06-28,16.129215240478516
2017-06-29,15.846746444702148
2017-06-30,15.610503196716309
2017-07-03,15.204179763793945
2017-07-05,15.4309663772583
2017-07-06,15.185279846191406
2017-07-07,15.241975784301758
2017-07-10,15.23253059387207
2017-07-11,15.17583179473877
2017-07-12,15.468765258789062
2017-07-13,15.553808212280273
2017-07-14,15.66720199584961
2017-07-17,15.36482048034668
2017-07-18,15.3175687789917
2017-07-19,15.572709083557129
2017-07-20,15.572709083557129
2017-07-21,15.355374336242676
2017-07-24,15.33647346496582
2017-07-25,15.119134902954102
2017-07-26,15.166379928588867
2017-07-27,14.996291160583496
2017-07-28,14.731706619262695
2017-07-31,14.703357696533203
2017-08-01,14.901796340942383
2017-08-02,14.816751480102539
2017-08-03,14.646660804748535
2017-08-04,14.693907737731934
2017-08-07,14.816751480102539
2017-08-08,14.741156578063965
2017-08-09,14.646660804748535
2017-08-10,14.221435546875
2017-08-11,14.542718887329102
2017-08-14,14.693907737731934
2017-08-15,14.949041366577148
2017-08-16,15.071887969970703
2017-08-17,14.693907737731934
2017-08-18,14.78840446472168
2017-08-21,14.760055541992188
2017-08-22,15.043540954589844
2017-08-23,15.015190124511719
2017-08-24,14.986841201782227
2017-08-25,16.111326217651367
2017-08-28,16.19637107849121
2017-08-29,16.309762954711914
2017-08-30,16.782241821289062
2017-08-31,16.923980712890625
2017-09-01,16.867280960083008
2017-09-05,16.85783576965332
2017-09-06,16.640499114990234
2017-09-07,16.508203506469727
2017-09-08,16.300312042236328
2017-09-11,16.413713455200195
2017-09-12,16.63104820251465
2017-09-13,16.83893585205078
2017-09-14,17.27361297607422
2017-09-15,17.330310821533203
2017-09-18,17.41534996032715
2017-09-19,17.1507625579834
2017-09-20,17.037372589111328
2017-09-21,17.037372589111328
2017-09-22,16.886180877685547
2017-09-25,16.640499114990234
2017-09-26,16.678295135498047
2017-09-27,16.933429718017578
2017-09-28,16.980674743652344
2017-09-29,16.91452980041504
2017-10-02,17.38700294494629
2017-10-03,17.41534996032715
2017-10-04,17.490949630737305
2017-10-05,17.35865592956543
2017-10-06,17.254369735717773
2017-10-09,17.49138069152832
2017-10-10,17.548261642456055
2017-10-11,17.548261642456055
2017-10-12,17.33970069885254
2017-10-13,17.330217361450195
2017-10-16,17.32073402404785
2017-10-17,17.406051635742188
2017-10-18,17.49138069152832
2017-10-19,17.45346450805664
2017-10-20,17.45346450805664
2017-10-23,17.510339736938477
2017-10-24,17.6146240234375
2017-10-25,17.43450355529785
2017-10-26,17.4439754486084
2017-10-27,17.481901168823242
2017-10-30,17.282814025878906
2017-10-31,17.510339736938477
2017-11-01,17.33970069885254
2017-11-02,17.330217361450195
2017-11-03,17.548261642456055
2017-11-06,19.15045738220215
2017-11-07,19.08408546447754
2017-11-08,19.103050231933594
2017-11-09,19.08408546447754
2017-11-10,19.08408546447754
2017-11-13,19.08408546447754
2017-11-14,19.074613571166992
2017-11-15,19.02721405029297
2017-11-16,19.20734214782715
2017-11-17,19.235782623291016
2017-11-20,20.468236923217773
2017-11-21,22.070430755615234
2017-11-22,22.591848373413086
2017-11-24,22.56341552734375
2017-11-27,22.165231704711914
2017-11-28,22.06094741821289
2017-11-29,21.056018829345703
2017-11-30,21.17926788330078
2017-12-01,21.0275821685791
2017-12-04,21.14134407043457
2017-12-05,20.828493118286133
2017-12-06,20.6862850189209
2017-12-07,20.856931686401367
2017-12-08,20.894851684570312
2017-12-11,20.90433120727539
2017-12-12,21.037063598632812
2017-12-13,20.695758819580078
2017-12-14,20.52511978149414
2017-12-15,20.49667739868164
2017-12-18,21.00861930847168
2017-12-19,21.207712173461914
2017-12-20,21.15082359313965
2017-12-21,20.90433120727539
2017-12-22,20.866411209106445
2017-12-26,20.7618408203125
2017-12-27,20.961477279663086
2017-12-28,20.809375762939453
2017-12-29,20.410110473632812
2018-01-02,21.10407257080078
2018-01-03,21.760005950927734
2018-01-04,22.254343032836914
2018-01-05,21.864578247070312
2018-01-08,22.026187896728516
2018-01-09,22.007173538208008
2018-01-10,21.997665405273438
2018-01-11,22.007173538208008
2018-01-12,22.663108825683594
2018-01-16,22.41594696044922
2018-01-17,22.425453186035156
2018-01-18,22.5205135345459
2018-01-19,22.511005401611328
2018-01-22,22.453969955444336
2018-01-23,22.368417739868164
2018-01-24,22.1402645111084
2018-01-25,21.87409019470215
2018-01-26,22.235321044921875
2018-01-29,22.292367935180664
2018-01-30,21.978652954101562
2018-01-31,22.178285598754883
2018-02-01,21.484325408935547
2018-02-02,21.32271957397461
2018-02-05,20.296035766601562
2018-02-06,20.62874984741211
2018-02-07,20.277021408081055
2018-02-08,19.716144561767578
2018-02-09,20.24850082397461
2018-02-12,20.837892532348633
2018-02-13,21.218141555786133
2018-02-14,21.16110610961914
2018-02-15,21.61740493774414
2018-02-16,21.56037712097168
2018-02-20,22.054710388183594
2018-02-21,22.045196533203125
2018-02-22,21.988162994384766
2018-02-23,22.102237701416016
2018-02-26,22.301870346069336
2018-02-27,22.225814819335938
2018-02-28,22.330387115478516
2018-03-01,22.159278869628906
2018-03-02,22.26384735107422
2018-03-05,22.330387115478516
2018-03-06,22.40644645690918
2018-03-07,22.5205135345459
2018-03-08,23.119415283203125
2018-03-09,23.138429641723633
2018-03-12,23.166948318481445
2018-03-13,21.807537078857422
2018-03-14,22.24483299255371
2018-03-15,22.045196533203125
2018-03-16,22.03569793701172
2018-03-19,21.693464279174805
2018-03-20,21.978652954101562
2018-03-21,21.864578247070312
2018-03-22,20.970983505249023
2018-03-23,20.419614791870117
2018-03-26,21.11358070373535
2018-03-27,20.334062576293945
2018-03-28,19.561878204345703
2018-03-29,20.01947021484375
2018-04-02,19.256824493408203
2018-04-03,19.466548919677734
2018-04-04,19.82880973815918
2018-04-05,20.143396377563477
2018-04-06,19.552343368530273
2018-04-09,19.63814353942871
2018-04-10,20.47705841064453
2018-04-11,21.039506912231445
2018-04-12,21.373165130615234
2018-04-13,20.9823055267334
2018-04-16,20.743976593017578
2018-04-17,21.211105346679688
2018-04-18,20.991840362548828
2018-04-19,20.057605743408203
2018-04-20,19.580942153930664
2018-04-23,19.409353256225586
2018-04-24,19.685813903808594
2018-04-25,19.428417205810547
2018-04-26,19.914600372314453
2018-04-27,19.399810791015625
2018-04-30,19.12335777282715
2018-05-01,19.3712158203125
2018-05-02,19.600013732910156
2018-05-03,19.82880973815918
2018-05-04,20.257795333862305
2018-05-07,19.82880973815918
2018-05-08,20.095727920532227
2018-05-09,20.295930862426758
2018-05-10,20.438920974731445
2018-05-11,20.038536071777344
2018-05-14,20.906042098999023
2018-05-15,20.68678092956543
2018-05-16,20.848848342895508
2018-05-17,20.62005043029785
2018-05-18,20.419858932495117
2018-05-21,20.438920974731445
2018-05-22,20.89650535583496
2018-05-23,21.02043914794922
2018-05-24,20.925111770629883
2018-05-25,21.43989372253418
2018-05-29,20.915578842163086
2018-05-30,20.963233947753906
2018-05-31,20.534250259399414
2018-06-01,21.13483428955078
2018-06-04,21.05856704711914
2018-06-05,21.001371383666992
2018-06-06,21.077638626098633
2018-06-07,21.16343879699707
2018-06-08,20.734445571899414
2018-06-11,20.372188568115234
2018-06-12,20.600984573364258
2018-06-13,20.972774505615234
2018-06-14,20.743976593017578
2018-06-15,20.886981964111328
2018-06-18,20.753515243530273
2018-06-19,20.324520111083984
2018-06-20,20.734445571899414
2018-06-21,20.248260498046875
2018-06-22,20.314992904663086
2018-06-25,19.237756729125977
2018-06-26,18.980361938476562
2018-06-27,19.180557250976562
2018-06-28,20.753515243530273
2018-06-29,20.438920974731445
2018-07-02,20.4675235748291
2018-07-03,20.038536071777344
2018-07-05,20.34358787536621
2018-07-06,20.678190231323242
2018-07-09,21.041465759277344
2018-07-10,21.662866592407227
2018-07-11,20.783348083496094
2018-07-12,21.165748596191406
2018-07-13,20.898067474365234
2018-07-16,20.21931266784668
2018-07-17,20.745107650756836
2018-07-18,20.630390167236328
2018-07-19,20.754661560058594
2018-07-20,20.898067474365234
2018-07-23,20.783348083496094
2018-07-24,20.601709365844727
2018-07-25,20.745107650756836
2018-07-26,21.089265823364258
2018-07-27,20.716428756713867
2018-07-30,20.305347442626953
2018-07-31,20.372268676757812
2018-08-01,20.267112731933594
2018-08-02,20.620830535888672
2018-08-03,20.42963218688965
2018-08-06,20.88850975036621
2018-08-07,21.194425582885742
2018-08-08,21.12750816345215
2018-08-09,20.735553741455078
2018-08-10,19.9898738861084
2018-08-13,19.875152587890625
2018-08-14,19.588354110717773
2018-08-15,19.205955505371094
2018-08-16,19.378034591674805
2018-08-17,18.909595489501953
2018-08-20,18.966957092285156
2018-08-21,19.40671157836914
2018-08-22,19.54055404663086
2018-08-23,19.349355697631836
2018-08-24,19.588354110717773
2018-08-27,19.588354110717773
2018-08-28,19.6839542388916
2018-08-29,20.14282989501953
2018-08-30,19.932518005371094
2018-08-31,19.769990921020508
2018-09-04,19.789112091064453
2018-09-05,19.57879638671875
2018-09-06,18.603679656982422
2018-09-07,18.5941219329834
2018-09-10,18.19260025024414
2018-09-11,17.972719192504883
2018-09-12,17.523401260375977
2018-09-13,17.724163055419922
2018-09-14,18.135242462158203
2018-09-17,17.628564834594727
2018-09-18,17.838876724243164
2018-09-19,17.638120651245117
2018-09-20,18.020517349243164
2018-09-21,18.020517349243164
2018-09-24,18.049203872680664
2018-09-25,17.771963119506836
2018-09-26,17.67636489868164
2018-09-27,17.886682510375977
2018-09-28,18.45071792602539
2018-10-01,18.479490280151367
2018-10-02,18.60415267944336
2018-10-03,18.76718521118164
2018-10-04,18.489076614379883
2018-10-05,17.83697509765625
2018-10-08,17.597227096557617
2018-10-09,17.71230697631836
2018-10-10,16.667022705078125
2018-10-11,16.993074417114258
2018-10-12,17.27117347717285
2018-10-15,17.37666893005371
2018-10-16,18.095901489257812
2018-10-17,18.182207107543945
2018-10-18,17.347898483276367
2018-10-19,17.031435012817383
2018-10-22,17.26158905029297
2018-10-23,16.82046127319336
2018-10-24,15.861483573913574
2018-10-25,16.14917755126953
2018-10-26,15.036761283874512
2018-10-29,14.960041999816895
2018-10-30,15.46829891204834
2018-10-31,15.736812591552734
2018-11-01,16.858814239501953
2018-11-02,16.868406295776367
2018-11-05,16.436864852905273
2018-11-06,16.16835594177246
2018-11-07,16.187536239624023
2018-11-08,16.024511337280273
2018-11-09,15.717635154724121
2018-11-12,15.14224910736084
2018-11-13,15.075121879577637
2018-11-14,15.084709167480469
2018-11-15,15.439532279968262
2018-11-16,15.247737884521484
2018-11-19,14.566861152648926
2018-11-20,14.595629692077637
2018-11-21,15.027170181274414
2018-11-23,15.007987976074219
2018-11-26,15.324454307556152
2018-11-27,15.362810134887695
2018-11-28,15.439532279968262
2018-11-29,15.410759925842285
2018-11-30,15.449118614196777
2018-12-03,15.708044052124023
2018-12-04,14.864143371582031
2018-12-06,15.429939270019531
2018-12-07,14.806605339050293
2018-12-10,14.720295906066895
2018-12-11,14.672348022460938
2018-12-12,14.720295906066895
2018-12-13,15.007987976074219
2018-12-14,14.749069213867188
2018-12-17,14.624398231506348
2018-12-18,14.806605339050293
2018-12-19,14.154500961303711
2018-12-20,14.240809440612793
2018-12-21,14.279170989990234
2018-12-24,13.874771118164062
2018-12-26,14.89539623260498
2018-12-27,15.116853713989258
2018-12-28,15.068711280822754
2018-12-31,15.588654518127441
2019-01-02,15.887140274047852
2019-01-03,15.184255599975586
2019-01-04,15.636800765991211
2019-01-07,15.993059158325195
2019-01-08,16.070085525512695
2019-01-09,16.45522117614746
2019-01-10,16.4744873046875
2019-01-11,16.686309814453125
2019-01-14,16.40708351135254
2019-01-15,16.214506149291992
2019-01-16,16.021940231323242
2019-01-17,15.90639877319336
2019-01-18,16.25303077697754
2019-01-22,16.041194915771484
2019-01-23,16.06044578552246
2019-01-24,16.850000381469727
2019-01-25,17.880258560180664
2019-01-28,17.678056716918945
2019-01-29,17.45659828186035
2019-01-30,17.687679290771484
2019-01-31,17.841739654541016
2019-02-01,17.726194381713867
2019-02-04,17.880258560180664
2019-02-05,17.9669132232666
2019-02-06,18.33279800415039
2019-02-07,17.6491641998291
2019-02-08,17.706945419311523
2019-02-11,18.342418670654297
2019-02-12,18.67942237854004
2019-02-13,18.573514938354492
2019-02-14,18.47722625732422
2019-02-15,18.130599975585938
2019-02-19,18.5927734375
2019-02-20,19.0645694732666
2019-02-21,18.88162612915039
2019-02-22,18.920143127441406
2019-02-25,18.968276977539062
2019-02-26,19.141597747802734
2019-02-27,18.97791290283203
2019-02-28,19.20899200439453
2019-03-01,19.28602409362793
2019-03-04,19.39194107055664
2019-03-05,19.30528450012207
2019-03-06,18.871997833251953
2019-03-07,18.457965850830078
2019-03-08,17.986167907714844
2019-03-11,18.660171508789062
2019-03-12,19.054943084716797
2019-03-13,18.958656311035156
2019-03-14,18.68905258178711
2019-03-15,19.39194107055664
2019-03-18,19.20899200439453
2019-03-19,19.478599548339844
2019-03-20,19.26676368713379
2019-03-21,20.017797470092773
2019-03-22,18.97791290283203
2019-03-25,18.99717140197754
2019-03-26,18.958656311035156
2019-03-27,19.083824157714844
2019-03-28,18.69868278503418
2019-03-29,19.151226043701172
2019-04-01,19.497854232788086
2019-04-02,19.488195419311523
2019-04-03,19.922760009765625
2019-04-04,20.251115798950195
2019-04-05,20.569805145263672
2019-04-08,20.704998016357422
2019-04-09,20.965744018554688
2019-04-10,21.574148178100586
2019-04-11,21.863862991333008
2019-04-12,22.9261531829834
2019-04-15,22.89718246459961
2019-04-16,23.186901092529297
2019-04-17,24.01741600036621
2019-04-18,23.99810028076172
2019-04-22,23.98844337463379
2019-04-23,24.258846282958984
2019-04-24,24.596847534179688
2019-04-25,24.52924919128418
2019-04-26,24.200899124145508
2019-04-29,24.27815818786621
2019-04-30,24.16227149963379
2019-05-01,23.83393096923828
2019-05-02,23.86290168762207
2019-05-03,23.843585968017578
2019-05-06,23.592496871948242
2019-05-07,23.032386779785156
2019-05-08,23.042037963867188
2019-05-09,22.59781265258789
2019-05-10,22.704036712646484
2019-05-13,21.38100242614746
2019-05-14,22.10529136657715
2019-05-15,22.308094024658203
2019-05-16,22.308094024658203
2019-05-17,21.84454917907715
2019-05-20,20.994718551635742
2019-05-21,21.632091522216797
2019-05-22,21.825239181518555
2019-05-23,21.3616886138916
2019-05-24,21.168548583984375
2019-05-28,20.60842514038086
2019-05-29,21.265121459960938
2019-05-30,21.429290771484375
2019-05-31,21.5355167388916
2019-06-03,21.583805084228516
2019-06-04,22.617128372192383
2019-06-05,22.375694274902344
2019-06-06,22.877870559692383
2019-06-07,23.22552490234375
2019-06-10,23.611814498901367
2019-06-11,23.824277877807617
2019-06-12,23.235183715820312
2019-06-13,23.42832374572754
2019-06-14,23.013063430786133
2019-06-17,22.906841278076172
2019-06-18,23.70838165283203
2019-06-19,23.47661781311035
2019-06-20,23.293127059936523
2019-06-21,23.148269653320312
2019-06-24,22.964780807495117
2019-06-25,22.60746955871582
2019-06-26,22.89718246459961
2019-06-27,23.07101058959961
2019-06-28,23.05169677734375
2019-07-01,23.437986373901367
2019-07-02,23.206209182739258
2019-07-03,23.72770118713379
2019-07-05,23.466955184936523
2019-07-08,23.312442779541016
2019-07-09,23.718040466308594
2019-07-10,24.239534378051758
2019-07-11,24.09432601928711
2019-07-12,24.58802604675293
2019-07-15,25.178525924682617
2019-07-16,24.907470703125
2019-07-17,25.265644073486328
2019-07-18,25.546377182006836
2019-07-19,25.091400146484375
2019-07-22,25.02364158630371
2019-07-23,25.65285873413086
2019-07-24,26.301441192626953
2019-07-25,26.340164184570312
2019-07-26,26.456321716308594
2019-07-29,26.40792465209961
2019-07-30,26.01103401184082
2019-07-31,25.420530319213867
2019-08-01,24.830028533935547
2019-08-02,24.229848861694336
2019-08-05,23.184377670288086
2019-08-06,23.494144439697266
2019-08-07,23.9104061126709
2019-08-08,24.54930305480957
2019-08-09,23.929759979248047
2019-08-12,23.155332565307617
2019-08-13,24.33633804321289
2019-08-14,23.9104061126709
2019-08-15,23.310218811035156
2019-08-16,24.14272689819336
2019-08-19,24.36537742614746
2019-08-20,24.12337303161621
2019-08-21,24.026561737060547
2019-08-22,24.0072021484375
2019-08-23,23.01980972290039
2019-08-26,22.84556007385254
2019-08-27,22.758440017700195
2019-08-28,22.826200485229492
2019-08-29,23.4263858795166
2019-08-30,23.203739166259766
2019-09-03,22.54547691345215
2019-09-04,23.261816024780273
2019-09-05,24.07496452331543
2019-09-06,24.065292358398438
2019-09-09,24.200809478759766
2019-09-10,24.016878128051758
2019-09-11,25.159162521362305
2019-09-12,25.139799118041992
2019-09-13,25.03331756591797
2019-09-16,24.58802604675293
2019-09-17,25.02364158630371
2019-09-18,24.80099105834961
2019-09-19,24.791311264038086
2019-09-20,24.045923233032227
2019-09-23,24.239532470703125
2019-09-24,23.53287124633789
2019-09-25,24.12337303161621
2019-09-26,24.191129684448242
2019-09-27,23.96848487854004
2019-09-30,24.17176628112793
2019-10-01,23.232778549194336
2019-10-02,23.22309684753418
2019-10-03,23.14565658569336
2019-10-04,23.658710479736328
2019-10-07,23.73615837097168
2019-10-08,22.216344833374023
2019-10-09,22.614276885986328
2019-10-10,22.60456657409668
2019-10-11,23.33249282836914
2019-10-14,23.34220314025879
2019-10-15,23.681903839111328
2019-10-16,23.080148696899414
2019-10-17,22.93456268310547
2019-10-18,22.98308753967285
2019-10-21,23.313091278076172
2019-10-22,23.39073371887207
2019-10-23,22.65310287475586
2019-10-24,23.681903839111328
2019-10-25,24.0216007232666
2019-10-28,24.40983009338379
2019-10-29,23.98278045654297
2019-10-30,23.681903839111328
2019-10-31,23.67219352722168
2019-11-01,24.400127410888672
2019-11-04,26.01127052307129
2019-11-05,26.24420928955078
2019-11-06,25.87539291381836
2019-11-07,26.08891487121582
2019-11-08,26.273330688476562
2019-11-11,26.156862258911133
2019-11-12,27.243894577026367
2019-11-13,27.282711029052734
2019-11-14,26.1956729888916
2019-11-15,26.069509506225586
2019-11-18,25.351280212402344
2019-11-19,25.584217071533203
2019-11-20,25.613338470458984
2019-11-21,25.370695114135742
2019-11-22,25.225107192993164
2019-11-25,25.894804000854492
2019-11-26,25.729808807373047
2019-11-27,25.894804000854492
2019-11-29,25.593931198120117
2019-12-02,25.050405502319336
2019-12-03,24.419536590576172
2019-12-04,23.216028213500977
2019-12-05,22.759862899780273
2019-12-06,23.45867347717285
2019-12-09,22.827800750732422
2019-12-10,22.98308753967285
2019-12-11,24.050722122192383
2019-12-12,24.87570571899414
2019-12-13,24.963054656982422
2019-12-16,25.166872024536133
2019-12-17,25.01158332824707
2019-12-18,24.827178955078125
2019-12-19,25.283342361450195
2019-12-20,25.195993423461914
2019-12-23,25.720096588134766
2019-12-24,25.82710838317871
2019-12-26,26.19676399230957
2019-12-27,25.963294982910156
2019-12-30,25.690914154052734
2019-12-31,25.83683204650879
2020-01-02,26.634511947631836
2020-01-03,25.94383430480957
2020-01-06,24.98079490661621
2020-01-07,25.535274505615234
2020-01-08,25.340715408325195
2020-01-09,25.389354705810547
2020-01-10,25.778467178344727
2020-01-13,26.77069664001465
2020-01-14,26.76096534729004
2020-01-15,25.992477416992188
2020-01-16,27.48081398010254
2020-01-17,27.71428108215332
2020-01-21,26.76096534729004
2020-01-22,27.023609161376953
2020-01-23,27.257078170776367
2020-01-24,26.56641387939453
2020-01-27,25.165618896484375
2020-01-28,25.613100051879883
2020-01-29,24.406858444213867
2020-01-30,24.124755859375
2020-01-31,23.38544464111328
2020-02-03,23.55082130432129
2020-02-04,24.085840225219727
2020-02-05,25.136436462402344
2020-02-06,25.048887252807617
2020-02-07,23.365995407104492
2020-02-10,23.492450714111328
2020-02-11,24.805692672729492
2020-02-12,24.786239624023438
2020-02-13,24.533321380615234
2020-02-14,24.4360408782959
2020-02-18,24.11502456665039
2020-02-19,24.523591995239258
2020-02-20,24.445770263671875
2020-02-21,23.764829635620117
2020-02-24,22.334854125976562
2020-02-25,22.033288955688477
2020-02-26,21.751192092895508
2020-02-27,19.990468978881836
2020-02-28,20.720046997070312
2020-03-02,21.362077713012695
2020-03-03,20.720046997070312
2020-03-04,21.974929809570312
2020-03-05,24.2512149810791
2020-03-06,23.434083938598633
2020-03-09,21.61500358581543
2020-03-10,22.578046798706055
2020-03-11,21.410715103149414
2020-03-12,19.027421951293945
2020-03-13,20.214208602905273
2020-03-16,17.256982803344727
2020-03-17,18.307579040527344
2020-03-18,16.780319213867188
2020-03-19,18.327028274536133
2020-03-20,18.16166114807129
2020-03-23,18.443763732910156
2020-03-24,21.264801025390625
2020-03-25,21.01188087463379
2020-03-26,22.548864364624023
2020-03-27,21.741458892822266
2020-03-30,22.081926345825195
2020-03-31,22.013835906982422
2020-04-01,21.05079460144043
2020-04-02,22.09455108642578
2020-04-03,21.87994956970215
2020-04-06,23.255367279052734
2020-04-07,23.28464126586914
2020-04-08,24.13329315185547
2020-04-09,23.684579849243164
2020-04-13,23.908937454223633
2020-04-14,24.90392303466797
2020-04-15,24.533246994018555
2020-04-16,25.15755271911621
2020-04-17,25.323379516601562
2020-04-20,25.586755752563477
2020-04-21,24.66006088256836
2020-04-22,25.9964599609375
2020-04-23,25.772096633911133
2020-04-24,26.464693069458008
2020-04-27,26.75733184814453
2020-04-28,26.2208194732666
2020-04-29,27.069486618041992
2020-04-30,26.084251403808594
2020-05-01,24.806379318237305
2020-05-04,25.069766998291016
2020-05-05,25.625782012939453
2020-05-06,25.94768524169922
2020-05-07,25.791610717773438
2020-05-08,26.191556930541992
2020-05-11,25.694063186645508
2020-05-12,25.41117286682129
2020-05-13,25.147794723510742
2020-05-14,25.635536193847656
2020-05-15,25.694063186645508
2020-05-18,26.903656005859375
2020-05-19,26.698806762695312
2020-05-20,28.249814987182617
2020-05-21,28.38638687133789
2020-05-22,29.39112091064453
2020-05-26,29.654495239257812
2020-05-27,29.947145462036133
2020-05-28,29.235042572021484
2020-05-29,31.8200626373291
2020-06-01,32.17123031616211
2020-06-02,33.76125717163086
2020-06-03,35.078155517578125
2020-06-04,35.00986862182617
2020-06-05,35.00986862182617
2020-06-08,34.09291076660156
2020-06-09,34.307525634765625
2020-06-10,34.200218200683594
2020-06-11,32.50288772583008
2020-06-12,32.902828216552734
2020-06-15,33.546653747558594
2020-06-16,33.88807678222656
2020-06-17,34.122188568115234
2020-06-18,33.644203186035156
2020-06-19,33.14671325683594
2020-06-22,33.858802795410156
2020-06-23,33.51738739013672
2020-06-24,32.80529022216797
2020-06-25,33.03940963745117
2020-06-26,32.415103912353516
2020-06-29,32.737003326416016
2020-06-30,34.200218200683594
2020-07-01,33.52714538574219
2020-07-02,34.16119384765625
2020-07-06,35.27324676513672
2020-07-07,34.570899963378906
2020-07-08,36.658424377441406
2020-07-09,37.185184478759766
2020-07-10,37.42942810058594
2020-07-13,35.827125549316406
2020-07-14,36.3742561340332
2020-07-15,36.198394775390625
2020-07-16,35.748966217041016
2020-07-17,35.680580139160156
2020-07-20,36.03230667114258
2020-07-21,35.48517990112305
2020-07-22,35.18230438232422
2020-07-23,34.51792907714844
2020-07-24,34.18574523925781
2020-07-27,34.76218032836914
2020-07-28,34.17598342895508
2020-07-29,34.3029899597168
2020-07-30,35.1139030456543
2020-07-31,35.63172912597656
2020-08-03,36.511051177978516
2020-08-04,36.63805389404297
2020-08-05,36.9018440246582
2020-08-06,35.78805923461914
2020-08-07,35.25069808959961
2020-08-10,34.537471771240234
2020-08-11,33.89263916015625
2020-08-12,34.46908187866211
2020-08-13,33.90241622924805
2020-08-14,32.79838943481445
2020-08-17,33.00356674194336
2020-08-18,32.61275100708008
2020-08-19,32.34896469116211
2020-08-20,32.03631591796875
2020-08-21,32.69092559814453
2020-08-24,33.92195129394531
2020-08-25,34.400691986083984
2020-08-26,34.7914924621582
2020-08-27,35.084598541259766
2020-08-28,37.37081527709961
2020-08-31,37.888633728027344
2020-09-01,38.289207458496094
2020-09-02,40.243247985839844
2020-09-03,37.439205169677734
2020-09-04,36.501277923583984
2020-09-08,36.6869010925293
2020-09-09,38.543235778808594
2020-09-10,37.62483215332031
2020-09-11,37.86909103393555
2020-09-14,38.31852340698242
2020-09-15,38.11335372924805
2020-09-16,37.204734802246094
2020-09-17,37.82024383544922
2020-09-18,37.60530090332031
2020-09-21,37.497833251953125
2020-09-22,37.96678924560547
2020-09-23,36.70643997192383
2020-09-24,37.02885818481445
2020-09-25,37.17539978027344
2020-09-28,38.97312927246094
2020-09-29,38.494380950927734
2020-09-30,38.78748321533203
2020-10-01,39.383460998535156
2020-10-02,38.85588073730469
2020-10-05,40.56564712524414
2020-10-06,41.11277389526367
2020-10-07,41.6403694152832
2020-10-08,41.82626724243164
2020-10-09,43.734127044677734
2020-10-12,42.648109436035156
2020-10-13,42.834007263183594
2020-10-14,42.40351486206055
2020-10-15,42.021942138671875
2020-10-16,42.031734466552734
2020-10-19,40.94571304321289
2020-10-20,40.72068405151367
2020-10-21,39.527042388916016
2020-10-22,40.15321731567383
2020-10-23,40.53478240966797
2020-10-26,40.0064582824707
2020-10-27,40.57392501831055
2020-10-28,38.67584228515625
2020-10-29,37.384361267089844
2020-10-30,36.699485778808594
2020-11-02,36.09288787841797
2020-11-03,36.38640213012695
2020-11-04,38.3138313293457
2020-11-05,40.58370590209961
2020-11-06,44.15483856201172
2020-11-09,41.297935485839844
2020-11-10,39.448768615722656
2020-11-11,41.35663986206055
2020-11-12,40.70112228393555
2020-11-13,42.32524108886719
2020-11-16,42.37416458129883
2020-11-17,42.041500091552734
2020-11-18,42.15891647338867
2020-11-19,43.225364685058594
2020-11-20,43.0101203918457
2020-11-23,43.63629150390625
2020-11-24,43.87110137939453
2020-11-25,43.63629150390625
2020-11-27,44.13526916503906
2020-11-30,45.28977584838867
2020-12-01,45.632205963134766
2020-12-02,44.63425064086914
2020-12-03,44.536407470703125
2020-12-04,42.442649841308594
2020-12-07,43.18623352050781
2020-12-08,42.736167907714844
2020-12-09,41.64036560058594
2020-12-10,41.982810974121094
2020-12-11,42.012149810791016
2020-12-14,43.37211227416992
2020-12-15,44.18418884277344
2020-12-16,44.33094024658203
2020-12-17,46.0822639465332
2020-12-18,46.4834098815918
2020-12-21,46.22903060913086
2020-12-22,46.18984603881836
2020-12-23,45.46491622924805
2020-12-24,46.091880798339844
2020-12-28,46.02330017089844
2020-12-29,45.288570404052734
2020-12-30,46.53271484375
2020-12-31,46.571895599365234
2021-01-04,45.366947174072266
2021-01-05,46.64046859741211
2021-01-06,45.56287384033203
2021-01-07,48.021751403808594
2021-01-08,48.08053970336914
2021-01-11,49.216915130615234
2021-01-12,49.608768463134766
2021-01-13,49.216915130615234
2021-01-14,50.26512145996094
2021-01-15,49.736122131347656
2021-01-19,52.7142219543457
2021-01-20,52.97872543334961
2021-01-21,52.400733947753906
2021-01-22,51.54845428466797
2021-01-25,53.321590423583984
2021-01-26,52.90034484863281
2021-01-27,50.09858703613281
2021-01-28,51.11741256713867
2021-01-29,50.412071228027344
2021-02-01,51.793357849121094
2021-02-02,51.783565521240234
2021-02-03,50.06920623779297
2021-02-04,49.275699615478516
2021-02-05,49.030784606933594
2021-02-08,50.549224853515625
2021-02-09,50.206356048583984
2021-02-10,49.55978012084961
2021-02-11,51.048828125
2021-02-12,52.724021911621094
2021-02-16,51.861934661865234
2021-02-17,49.3736572265625
2021-02-18,49.44223403930664
2021-02-19,50.83332061767578
2021-02-22,48.678123474121094
2021-02-23,47.845428466796875
2021-02-24,48.256874084472656
2021-02-25,45.61185836791992
2021-02-26,47.29682159423828
2021-03-01,48.51158142089844
2021-03-02,46.85599136352539
2021-03-03,44.63221740722656
2021-03-04,39.28340530395508
2021-03-05,40.66469192504883
2021-03-08,39.244224548339844
2021-03-09,42.96683883666992
2021-03-10,41.96761703491211
2021-03-11,45.357154846191406
2021-03-12,46.19963455200195
2021-03-15,47.37520217895508
2021-03-16,46.98335266113281
2021-03-17,47.12049865722656
2021-03-18,44.6224250793457
2021-03-19,46.04289245605469
2021-03-22,46.69925308227539
2021-03-23,45.210205078125
2021-03-24,44.32854080200195
2021-03-25,43.83871078491211
2021-03-26,46.013511657714844
2021-03-29,45.56287384033203
2021-03-30,46.366172790527344
2021-03-31,47.982574462890625
2021-04-01,48.64872360229492
2021-04-05,50.03001403808594
2021-04-06,49.814491271972656
2021-04-07,49.334468841552734
2021-04-08,49.412940979003906
2021-04-09,48.647911071777344
2021-04-12,48.69695281982422
2021-04-13,47.81422805786133
2021-04-14,47.14727783203125
2021-04-15,47.84364700317383
2021-04-16,46.9903450012207
2021-04-19,45.75454330444336
2021-04-20,44.9600830078125
2021-04-21,46.568607330322266
2021-04-22,44.24409866333008
2021-04-23,45.215084075927734
2021-04-26,46.41167449951172
2021-04-27,45.04835891723633
2021-04-28,45.90166473388672
2021-04-29,46.35282516479492
2021-04-30,44.3421745300293
2021-05-03,43.45945358276367
2021-05-04,43.63599395751953
2021-05-05,43.930240631103516
2021-05-06,44.66584014892578
2021-05-07,45.07778549194336
2021-05-10,43.469261169433594
2021-05-11,43.371185302734375
2021-05-12,40.713191986083984
2021-05-13,40.80147171020508
2021-05-14,42.52769470214844
2021-05-17,41.988243103027344
2021-05-18,41.635162353515625
2021-05-19,43.65561294555664
2021-05-20,45.372013092041016
2021-05-21,45.33279800415039
2021-05-24,46.70591735839844
2021-05-25,47.10804748535156
2021-05-26,47.68672180175781
2021-05-27,47.43171691894531
2021-05-28,47.37287139892578
2021-06-01,46.83341979980469
2021-06-02,46.60783767700195
2021-06-03,46.27436828613281
2021-06-04,47.765193939208984
2021-06-07,47.343441009521484
2021-06-08,49.756221771240234
2021-06-09,49.383514404296875
2021-06-10,50.80567932128906
2021-06-11,51.09992218017578
2021-06-14,52.767295837402344
2021-06-15,52.56131362915039
2021-06-16,53.07134246826172
2021-06-17,54.061954498291016
2021-06-18,53.228267669677734
2021-06-21,53.767723083496094
2021-06-22,53.31654357910156
2021-06-23,53.483280181884766
2021-06-24,55.062374114990234
2021-06-25,55.21929168701172
2021-06-28,57.47515106201172
2021-06-29,57.632083892822266
2021-06-30,57.2103385925293
2021-07-01,56.288387298583984
2021-07-02,56.31780242919922
2021-07-06,56.396263122558594
2021-07-07,55.59200668334961
2021-07-08,55.24836730957031
2021-07-09,55.96510696411133
2021-07-12,56.28911209106445
2021-07-13,55.739288330078125
2021-07-14,54.993080139160156
2021-07-15,54.6887092590332
2021-07-16,52.99012756347656
2021-07-19,53.805057525634766
2021-07-20,55.533103942871094
2021-07-21,57.27096176147461
2021-07-22,56.92731857299805
2021-07-23,57.85025405883789
2021-07-26,57.87971115112305
2021-07-27,56.92731857299805
2021-07-28,57.91897964477539
2021-07-29,59.215003967285156
2021-07-30,59.411376953125
2021-08-02,59.47029495239258
2021-08-03,60.22631072998047
2021-08-04,60.766326904296875
2021-08-05,59.94157409667969
2021-08-06,59.44084548950195
2021-08-09,59.381927490234375
2021-08-10,58.665184020996094
2021-08-11,58.704463958740234
2021-08-12,58.77318572998047
2021-08-13,59.29356384277344
2021-08-16,58.08588409423828
2021-08-17,57.457515716552734
2021-08-18,56.78986740112305
2021-08-19,57.90916442871094
2021-08-20,58.76336669921875
2021-08-23,60.87433624267578
2021-08-24,61.414337158203125
2021-08-25,62.05254364013672
2021-08-26,62.091819763183594
2021-08-27,60.22631072998047
2021-08-30,60.83505630493164
2021-08-31,60.07904052734375
2021-09-01,59.61756896972656
2021-09-02,60.2066764831543
2021-09-03,60.393218994140625
2021-09-07,60.12813186645508
2021-09-08,59.273921966552734
2021-09-09,60.137943267822266
2021-09-10,60.05939483642578
2021-09-13,61.2474250793457
2021-09-14,61.16888427734375
2021-09-15,61.32597732543945
2021-09-16,62.101619720458984
2021-09-17,60.97251892089844
2021-09-20,59.57829284667969
2021-09-21,59.921939849853516
2021-09-22,61.532161712646484
2021-09-23,62.28818893432617
2021-09-24,62.455101013183594
2021-09-27,61.924896240234375
2021-09-28,59.64702224731445
2021-09-29,59.05791473388672
2021-09-30,59.215003967285156
2021-10-01,58.74372863769531
2021-10-04,56.54439926147461
2021-10-05,58.31171417236328
2021-10-06,62.592559814453125
2021-10-07,64.02739715576172
2021-10-08,63.506534576416016
2021-10-11,62.34686279296875
2021-10-12,62.49427032470703
2021-10-13,62.32719802856445
2021-10-14,64.16499328613281
2021-10-15,64.5187759399414
2021-10-18,66.01258087158203
2021-10-19,66.68087005615234
2021-10-20,66.03224182128906
2021-10-21,65.9143295288086
2021-10-22,65.16740417480469
2021-10-25,66.50398254394531
2021-10-26,66.56295776367188
2021-10-27,66.533447265625
2021-10-28,67.30001831054688
2021-10-29,67.31965637207031
2021-11-01,67.77173614501953
2021-11-02,68.70538330078125
2021-11-03,68.05675506591797
2021-11-04,70.30728912353516
2021-11-05,70.62178039550781
2021-11-08,71.74213409423828
2021-11-09,71.68316650390625
2021-11-10,69.74711608886719
2021-11-11,72.15489959716797
2021-11-12,72.21385955810547
2021-11-15,71.66351318359375
2021-11-16,72.54800415039062
2021-11-17,72.37112426757812
2021-11-18,73.85506439208984
2021-11-19,73.2948989868164
2021-11-22,71.49642944335938
2021-11-23,71.95833587646484
2021-11-24,72.58731079101562
2021-11-26,70.74954986572266
2021-11-29,73.7273178100586
2021-11-30,69.94367980957031
2021-12-01,69.72746276855469
2021-12-02,69.80606842041016
2021-12-03,82.149658203125
2021-12-06,83.95794677734375
2021-12-07,89.93321228027344
2021-12-08,89.71697235107422
2021-12-09,88.47869873046875
2021-12-10,87.486083984375
2021-12-13,85.09796142578125
2021-12-14,83.82035064697266
2021-12-15,86.84730529785156
2021-12-16,82.149658203125
2021-12-17,82.58207702636719
2021-12-20,82.71966552734375
2021-12-21,84.8129653930664
2021-12-22,86.76866912841797
2021-12-23,86.169189453125
2021-12-27,89.2452392578125
2021-12-28,86.47383880615234
2021-12-29,87.01436614990234
2021-12-30,85.93331909179688
2021-12-31,85.98245239257812
2022-01-03,87.88903045654297
2022-01-04,86.84730529785156
2022-01-05,82.6705322265625
2022-01-06,84.1162338256836
2022-01-07,81.7362289428711
2022-01-10,80.85111999511719
2022-01-11,84.8046646118164
2022-01-12,83.53599548339844
2022-01-13,77.3499526977539
2022-01-14,81.62804412841797
2022-01-18,76.38613891601562
2022-01-19,75.61904907226562
2022-01-20,72.58013153076172
2022-01-21,71.35079193115234
2022-01-24,70.89838409423828
2022-01-25,65.91217041015625
2022-01-26,66.54161834716797
2022-01-27,63.817405700683594
2022-01-28,65.2237548828125
2022-01-31,70.21977996826172
2022-02-01,71.22293090820312
2022-02-02,72.85549926757812
2022-02-03,67.49557495117188
2022-02-04,69.92474365234375
2022-02-07,70.38697052001953
2022-02-08,75.23548126220703
2022-02-09,76.45500183105469
2022-02-10,72.61945343017578
2022-02-11,66.86614990234375
2022-02-14,66.630126953125
2022-02-15,72.94400787353516
2022-02-16,70.90821838378906
2022-02-17,66.43344116210938
2022-02-18,66.22689056396484
2022-02-22,65.59745788574219
2022-02-23,63.748573303222656
2022-02-24,66.66947174072266
2022-02-25,67.61360168457031
2022-02-28,67.20052337646484
2022-03-01,63.87638854980469
2022-03-02,66.55145263671875
2022-03-03,64.12226867675781
2022-03-04,62.36186218261719
2022-03-07,60.15889358520508
2022-03-08,63.44367980957031
2022-03-09,65.44995880126953
2022-03-10,64.17144775390625
2022-03-11,62.04714584350586
2022-03-14,59.254093170166016
2022-03-15,64.69267272949219
2022-03-16,67.77095794677734
2022-03-17,68.26268768310547
2022-03-18,70.15094757080078
2022-03-21,69.54117584228516
2022-03-22,70.20011901855469
2022-03-23,67.80046844482422
2022-03-24,72.54078674316406
2022-03-25,73.14068603515625
2022-03-28,73.0816879272461
2022-03-29,74.90111541748047
2022-03-30,71.80316925048828
2022-03-31,70.52467346191406
2022-04-01,69.89524841308594
2022-04-04,71.75399780273438
2022-04-05,67.18084716796875
2022-04-06,65.40077209472656
2022-04-07,64.63298034667969
2022-04-08,62.162254333496094
2022-04-11,59.780094146728516
2022-04-12,59.18947982788086
2022-04-13,62.309898376464844
2022-04-14,60.01633834838867
2022-04-18,60.76445770263672
2022-04-19,62.77254867553711
2022-04-20,61.955528259277344
2022-04-21,59.012298583984375
2022-04-22,57.52591323852539
2022-04-25,59.74072265625
2022-04-26,57.043575286865234
2022-04-27,55.832820892333984
2022-04-28,60.10493850708008
2022-04-29,57.171546936035156
2022-05-02,59.13042449951172
2022-05-03,59.4650993347168
2022-05-04,61.92600631713867
2022-05-05,57.378265380859375
2022-05-06,56.84671401977539
2022-05-09,52.88958740234375
2022-05-10,54.26768493652344
2022-05-11,51.718196868896484
2022-05-12,51.5705451965332
2022-05-13,56.66952133178711
2022-05-16,54.366127014160156
2022-05-17,57.36841583251953
2022-05-18,54.14957046508789
2022-05-19,53.430973052978516
2022-05-20,53.224273681640625
2022-05-23,54.00191879272461
2022-05-24,51.58039474487305
2022-05-25,53.115989685058594
2022-05-26,56.09859848022461
2022-05-27,59.868690490722656
2022-05-31,58.22481918334961
2022-06-01,57.13218307495117
2022-06-02,60.46915054321289
2022-06-03,58.037784576416016
2022-06-06,58.80558395385742
2022-06-07,60.065555572509766
2022-06-08,58.42167663574219
2022-06-09,55.59657287597656
2022-06-10,52.23991394042969
2022-06-13,48.046539306640625
2022-06-14,47.761077880859375
2022-06-15,48.43044662475586
2022-06-16,44.33551025390625
2022-06-17,45.31986999511719
2022-06-21,46.29438018798828
2022-06-22,45.66440200805664
2022-06-23,45.53643798828125
2022-06-24,47.46577072143555
2022-06-27,46.904693603515625
2022-06-28,44.61113357543945
2022-06-29,43.62677001953125
2022-06-30,42.8491325378418
2022-07-01,41.884456634521484
2022-07-05,42.3077278137207
2022-07-06,43.134586334228516
2022-07-07,45.93400955200195
2022-07-08,46.31843566894531
2022-07-11,44.55402374267578
2022-07-12,44.879295349121094
2022-07-13,45.4805793762207
2022-07-14,46.43671417236328
2022-07-15,47.530853271484375
2022-07-18,47.92513656616211
2022-07-19,51.335693359375
2022-07-20,52.91282272338867
2022-07-21,53.790096282958984
2022-07-22,51.27653884887695
2022-07-25,49.98527145385742
2022-07-26,48.7728385925293
2022-07-27,52.23268127441406
2022-07-28,53.00153350830078
2022-07-29,54.88423538208008
2022-08-01,54.53923797607422
2022-08-02,54.91379928588867
2022-08-03,57.387935638427734
2022-08-04,56.53036880493164
2022-08-05,56.126220703125
2022-08-08,54.7955322265625
2022-08-09,50.52740478515625
2022-08-10,54.204097747802734
2022-08-11,52.9423828125
2022-08-12,54.568817138671875
2022-08-15,54.68708801269531
2022-08-16,53.5732421875
2022-08-17,51.89753723144531
2022-08-18,53.7703857421875
2022-08-19,52.38054275512695
2022-08-22,50.202117919921875
2022-08-23,50.842838287353516
2022-08-24,51.493408203125
2022-08-25,54.30267333984375
2022-08-26,49.45298767089844
2022-08-29,48.289852142333984
2022-08-30,47.313995361328125
2022-08-31,46.15086364746094
2022-09-01,45.313011169433594
2022-09-02,45.10601043701172
2022-09-06,44.44559097290039
2022-09-07,46.09172058105469
2022-09-08,47.461856842041016
2022-09-09,49.02912902832031
2022-09-12,49.53183364868164
2022-09-13,47.333709716796875
2022-09-14,47.718135833740234
2022-09-15,46.00300216674805
2022-09-16,45.68757629394531
2022-09-19,45.49044418334961
2022-09-20,44.642730712890625
2022-09-21,44.810298919677734
2022-09-22,42.89801788330078
2022-09-23,42.67130661010742
2022-09-26,42.00102996826172
2022-09-27,42.77973175048828
2022-09-28,43.91330337524414
2022-09-29,42.25730895996094
2022-09-30,42.296749114990234
2022-10-03,43.86402130126953
2022-10-04,46.36772155761719
2022-10-05,47.668846130371094
2022-10-06,47.33329772949219
2022-10-07,41.796607971191406
2022-10-10,39.77338409423828
2022-10-11,38.15481948852539
2022-10-12,37.48371124267578
2022-10-13,38.618682861328125
2022-10-14,36.52637481689453
2022-10-17,37.37514114379883
2022-10-18,37.24684143066406
2022-10-19,37.60213851928711
2022-10-20,37.57252502441406
2022-10-21,39.02332305908203
2022-10-24,37.888343811035156
2022-10-25,40.07933807373047
2022-10-26,38.2436408996582
2022-10-27,39.536529541015625
2022-10-28,40.47411346435547
2022-10-31,39.16149139404297
2022-11-01,39.220699310302734
2022-11-02,38.53971862792969
2022-11-03,36.733638763427734
2022-11-04,38.46076965332031
2022-11-07,38.99370574951172
2022-11-08,39.27006149291992
2022-11-09,36.23030471801758
2022-11-10,42.092681884765625
2022-11-11,42.78353500366211
2022-11-14,42.59601593017578
2022-11-15,44.11589813232422
2022-11-16,41.697906494140625
2022-11-17,43.355953216552734
2022-11-18,43.42503356933594
2022-11-21,41.00704574584961
2022-11-22,42.359153747558594
2022-11-23,43.10922622680664
2022-11-25,42.41836166381836
2022-11-28,42.1124153137207
2022-11-29,42.34928894042969
2022-11-30,45.912109375
2022-12-01,44.80674743652344
2022-12-02,44.13563919067383
2022-12-05,42.40849685668945
2022-12-06,40.553062438964844
2022-12-07,39.8819465637207
2022-12-08,41.15509033203125
2022-12-09,40.95771026611328
2022-12-12,42.02360153198242
2022-12-13,42.941444396972656
2022-12-14,42.092681884765625
2022-12-15,39.497047424316406
2022-12-16,38.480506896972656
2022-12-19,37.898216247558594
2022-12-20,37.3159294128418
2022-12-21,38.36207962036133
2022-12-22,36.585594177246094
2022-12-23,36.70402908325195
2022-12-27,35.57891845703125
2022-12-28,34.91767883300781
2022-12-29,36.27964782714844
2022-12-30,36.55598449707031
2023-01-03,35.51970672607422
2023-01-04,36.1316032409668
2023-01-05,34.28301239013672
2023-01-06,35.68675231933594
2023-01-09,36.49736785888672
2023-01-10,36.586334228515625
2023-01-11,37.98019790649414
2023-01-12,38.86001968383789
2023-01-13,40.204444885253906
2023-01-17,40.5603141784668
2023-01-18,40.026512145996094
2023-01-19,38.128482818603516
2023-01-20,39.0280647277832
2023-01-23,42.2606315612793
2023-01-24,42.023380279541016
2023-01-25,42.25074768066406
2023-01-26,43.881858825683594
2023-01-27,43.74346160888672
2023-01-30,41.509342193603516
2023-01-31,42.65605545043945
2023-02-01,45.59206008911133
2023-02-02,48.20183563232422
2023-02-03,46.04679489135742
2023-02-06,44.51453399658203
2023-02-07,46.24449920654297
2023-02-08,44.5837287902832
2023-02-09,44.593624114990234
2023-02-10,44.0400276184082
2023-02-13,45.078006744384766
2023-02-14,46.669578552246094
2023-02-15,46.204959869384766
2023-02-16,45.1669807434082
2023-02-17,43.63471984863281
2023-02-21,42.11234664916992
2023-02-22,42.47811508178711
2023-02-23,44.732017517089844
2023-02-24,43.34803771972656
2023-02-27,43.80277633666992
2023-02-28,44.63315963745117
2023-03-01,44.840763092041016
2023-03-02,45.70079040527344
2023-03-03,43.53587341308594
2023-03-06,41.786128997802734
2023-03-07,40.639408111572266
2023-03-08,42.65605545043945
2023-03-09,40.44169616699219
2023-03-10,38.23722457885742
2023-03-13,37.55512619018555
2023-03-14,38.168025970458984
2023-03-15,37.18935775756836
2023-03-16,39.897987365722656
2023-03-17,39.5124626159668
2023-03-20,39.88810729980469
2023-03-21,40.6591796875
2023-03-22,39.700279235839844
2023-03-23,41.79601287841797
2023-03-24,40.5998649597168
2023-03-27,40.73826217651367
2023-03-28,39.986968994140625
2023-03-29,42.211204528808594
2023-03-30,42.75491714477539
2023-03-31,42.80433654785156
2023-04-03,41.46978759765625
2023-04-04,40.01662063598633
2023-04-05,39.689910888671875
2023-04-06,38.86819076538086
2023-04-10,39.937416076660156
2023-04-11,39.689910888671875
2023-04-12,39.13550567626953
2023-04-13,39.98691940307617
2023-04-14,39.88792037963867
2023-04-17,40.05622482299805
2023-04-18,41.81846237182617
2023-04-19,40.620521545410156
2023-04-20,39.07609939575195
2023-04-21,38.63058853149414
2023-04-24,38.37318801879883
2023-04-25,36.541648864746094
2023-04-26,37.69997024536133
2023-04-27,38.244483947753906
2023-04-28,39.08599853515625
2023-05-01,39.61071014404297
2023-05-02,39.09589767456055
2023-05-03,39.12559127807617
2023-05-04,38.94739532470703
2023-05-05,40.56113052368164
2023-05-08,40.60073471069336
2023-05-09,39.590911865234375
2023-05-10,40.026519775390625
2023-05-11,39.3335075378418
2023-05-12,39.71961975097656
2023-05-15,41.650150299072266
2023-05-16,41.2541389465332
2023-05-17,43.15497970581055
2023-05-18,44.29350662231445
2023-05-19,45.006324768066406
2023-05-22,45.97653579711914
2023-05-23,46.125038146972656
2023-05-24,45.52113723754883
2023-05-25,48.97630310058594
2023-05-26,64.8562240600586
2023-05-30,62.76729202270508
2023-05-31,57.90629196166992
2023-06-01,60.490238189697266
2023-06-02,59.57941818237305
2023-06-05,57.450870513916016
2023-06-06,58.54979705810547
2023-06-07,58.73789596557617
2023-06-08,59.1240119934082
2023-06-09,59.411109924316406
2023-06-12,61.430763244628906
2023-06-13,62.4207763671875
2023-06-14,62.3316764831543
2023-06-15,61.41094970703125
2023-06-16,60.510032653808594
2023-06-20,60.22293472290039
2023-06-21,58.26268768310547
2023-06-22,58.52999496459961
2023-06-23,57.24297332763672
2023-06-26,57.17367172241211
2023-06-27,59.985321044921875
2023-06-28,59.470516204833984
2023-06-29,57.78748321533203
2023-06-30,59.183414459228516
2023-07-03,60.73773956298828
2023-07-05,59.213111877441406
2023-07-06,58.29146957397461
2023-07-07,58.61851119995117
2023-07-10,59.748260498046875
2023-07-11,61.59154510498047
2023-07-12,62.31499099731445
2023-07-13,64.78263092041016
2023-07-14,62.87986755371094
2023-07-17,63.979888916015625
2023-07-18,65.16911315917969
2023-07-19,65.04027557373047
2023-07-20,62.65193557739258
2023-07-21,62.84022521972656
2023-07-24,62.54291915893555
2023-07-25,63.325828552246094
2023-07-26,63.13752746582031
2023-07-27,63.31591796875
2023-07-28,64.32675170898438
2023-07-31,64.5447769165039
2023-08-01,65.33758544921875
2023-08-02,61.551910400390625
2023-08-03,61.78974914550781
2023-08-04,62.12668991088867
2023-08-07,62.978965759277344
2023-08-08,61.403255462646484
2023-08-09,59.40140914916992
2023-08-10,58.400489807128906
2023-08-11,56.57701110839844
2023-08-14,59.03472900390625
2023-08-15,58.58877182006836
2023-08-16,56.85450744628906
2023-08-17,57.04279708862305
2023-08-18,57.07252502441406
2023-08-21,59.490596771240234
2023-08-22,59.05455017089844
2023-08-23,60.9473876953125
2023-08-24,56.775211334228516
2023-08-25,53.01926803588867
2023-08-28,54.67426681518555
2023-08-29,55.6157341003418
2023-08-30,56.82476806640625
2023-08-31,57.726593017578125
2023-09-01,57.42927932739258
2023-09-05,57.36982727050781
2023-09-06,56.200435638427734
2023-09-07,56.07159423828125
2023-09-08,55.2391471862793
2023-09-11,55.81393051147461
2023-09-12,55.14995574951172
2023-09-13,55.100399017333984
2023-09-14,55.33824157714844
2023-09-15,54.00038146972656
2023-09-18,54.28776931762695
2023-09-19,53.603965759277344
2023-09-20,52.46430587768555
2023-09-21,51.37418746948242
2023-09-22,51.83005142211914
2023-09-25,52.15709686279297
2023-09-26,51.24535369873047
2023-09-27,52.07780838012695
2023-09-28,53.51477813720703
2023-09-29,53.643611907958984
2023-10-02,54.09947204589844
2023-10-03,52.08772277832031
2023-10-04,52.83098602294922
2023-10-05,52.68216323852539
2023-10-06,54.10090637207031
2023-10-09,53.84295654296875
2023-10-10,54.616817474365234
2023-10-11,54.706111907958984
2023-10-12,54.1901969909668
2023-10-13,52.205936431884766
2023-10-16,53.23775863647461
2023-10-17,52.751609802246094
2023-10-18,51.06498336791992
2023-10-19,50.29112243652344
2023-10-20,49.080726623535156
2023-10-23,48.6342658996582
2023-10-24,49.10056686401367
2023-10-25,47.17583084106445
2023-10-26,46.26307678222656
2023-10-27,46.88811111450195
2023-10-30,46.46149444580078
2023-10-31,46.84843063354492
2023-11-01,47.32465744018555
2023-11-02,48.51520919799805
2023-11-03,50.95585250854492
2023-11-06,50.836795806884766
2023-11-07,50.77727127075195
2023-11-08,51.17412185668945
2023-11-09,52.07696533203125
2023-11-10,54.1901969909668
2023-11-13,53.02941131591797
2023-11-14,56.58123779296875
2023-11-15,56.72013473510742
2023-11-16,54.22988510131836
2023-11-17,55.14264678955078
2023-11-20,55.93635177612305
2023-11-21,54.249732971191406
2023-11-22,55.06327819824219
2023-11-24,55.58910369873047
2023-11-27,55.46012496948242
2023-11-28,55.14264678955078
2023-11-29,55.658546447753906
2023-11-30,55.29146194458008
2023-12-01,52.384525299072266
2023-12-04,51.600738525390625
2023-12-05,50.30105209350586
2023-12-06,50.03316879272461
2023-12-07,51.77931594848633
2023-12-08,52.46389389038086
2023-12-11,54.05130386352539
2023-12-12,53.83303451538086
2023-12-13,56.75981903076172
2023-12-14,58.823448181152344
2023-12-15,59.12109375
2023-12-18,59.25007247924805
2023-12-19,59.1905403137207
2023-12-20,57.08722686767578
2023-12-21,59.77589416503906
2023-12-22,59.77589416503906
2023-12-26,60.668819427490234
2023-12-27,60.7779541015625
2023-12-28,60.8176383972168
2023-12-29,59.835426330566406
2024-01-02,57.71226501464844
2024-01-03,56.313358306884766
2024-01-04,57.67401885986328
2024-01-05,59.51139831542969
2024-01-08,63.67282485961914
2024-01-09,63.03719711303711
2024-01-10,62.997467041015625
2024-01-11,65.42082977294922
2024-01-12,65.23211669921875
2024-01-16,65.07320404052734
2024-01-17,64.914306640625
2024-01-18,67.74486541748047
2024-01-19,70.59530639648438
2024-01-22,69.63191223144531
2024-01-23,70.11857604980469
2024-01-24,71.787109375
2024-01-25,69.52266693115234
2024-01-26,67.57603454589844
2024-01-29,69.66171264648438
2024-01-30,68.36065673828125
2024-01-31,67.23833465576172
2024-02-01,66.41400146484375
2024-02-02,67.06951904296875
2024-02-05,66.56297302246094
2024-02-06,66.6225814819336
2024-02-07,68.89696502685547
2024-02-08,70.53571319580078
2024-02-09,68.36065673828125
2024-02-12,69.93981170654297
2024-02-13,67.66541290283203
2024-02-14,68.4897689819336
2024-02-15,66.9801254272461
2024-02-16,65.83796691894531
2024-02-20,64.59649658203125
2024-02-21,65.07320404052734
2024-02-22,69.39354705810547
2024-02-23,67.1191635131836
2024-02-26,68.15208435058594
2024-02-27,68.65860748291016
2024-02-28,67.07942962646484
2024-02-29,71.17135620117188
2024-03-01,77.08077239990234
2024-03-04,78.80889892578125
2024-03-05,78.19314575195312
2024-03-06,80.81513214111328
2024-03-07,84.509765625
2024-03-08,74.90570831298828
2024-03-11,71.86656951904297
2024-03-12,71.28058624267578
2024-03-13,67.16883850097656
2024-03-14,65.62939453125
2024-03-15,66.41400146484375
2024-03-18,66.74175262451172
2024-03-19,64.6163558959961
2024-03-20,65.09307098388672
2024-03-21,66.13593292236328
2024-03-22,66.08625793457031
2024-03-25,65.66912841796875
2024-03-26,67.79454040527344
2024-03-27,71.81692504882812
2024-03-28,70.39665985107422
2024-04-01,72.70085906982422
2024-04-02,73.08818054199219
2024-04-03,72.53199768066406
2024-04-04,70.39665985107422
2024-04-05,72.15459442138672
2024-04-08,71.42955780029297
2024-04-09,72.83989715576172
2024-04-10,70.94291687011719
2024-04-11,71.10195922851562
2024-04-12,69.74016571044922
2024-04-15,67.47380065917969
2024-04-16,67.87141418457031
2024-04-17,66.08218383789062
2024-04-18,64.84959411621094
2024-04-19,61.75821304321289
2024-04-22,62.503726959228516
2024-04-23,63.47786331176758
2024-04-24,64.4619369506836
2024-04-25,67.07620239257812
2024-04-26,69.2033920288086
2024-04-29,68.3386001586914
2024-04-30,65.51559448242188
2024-05-01,63.4380989074707
2024-05-02,66.27104187011719
2024-05-03,68.10003662109375
2024-05-06,69.40219116210938
2024-05-07,68.26901245117188
2024-05-08,67.70243072509766
2024-05-09,67.2750015258789
2024-05-10,68.06027221679688
2024-05-13,68.60696411132812
2024-05-14,67.61296081542969
2024-05-15,69.730224609375
2024-05-16,72.64269256591797
2024-05-17,71.48960876464844
2024-05-20,74.02436828613281
2024-05-21,72.86137390136719
2024-05-22,73.23909759521484
2024-05-23,74.5710678100586
2024-05-24,76.22114562988281
2024-05-28,77.86126708984375
2024-05-29,75.32653045654297
2024-05-30,76.3901138305664
2024-05-31,68.39823913574219
2024-06-03,67.80181884765625
2024-06-04,65.98278045654297
2024-06-05,69.38231658935547
2024-06-06,67.6924819946289
2024-06-07,67.5831298828125
2024-06-10,69.05428314208984
2024-06-11,69.97872924804688
2024-06-12,72.92100524902344
2024-06-13,72.43395233154297
2024-06-14,72.83154296875
2024-06-17,71.39022064208984
2024-06-18,72.70233154296875
2024-06-20,72.80171966552734
2024-06-21,71.45980834960938
2024-06-24,67.36446380615234
2024-06-25,67.8515396118164
2024-06-26,67.86146545410156
2024-06-27,68.31871032714844
2024-06-28,69.4817123413086
2024-07-01,70.57513427734375
2024-07-02,71.17154693603516
2024-07-03,71.7679443359375
2024-07-05,71.64867401123047
2024-07-08,74.46173858642578
2024-07-09,73.39812469482422
2024-07-10,74.43191528320312
2024-07-11,71.74807739257812
2024-07-12,73.21048736572266
2024-07-15,73.22044372558594
2024-07-16,75.21012115478516
2024-07-17,67.57968139648438
2024-07-18,67.85823059082031
2024-07-19,66.16700744628906
2024-07-22,68.65410614013672
2024-07-23,68.03731536865234
2024-07-24,64.01815795898438
2024-07-25,63.65999984741211
2024-07-26,65.3810806274414
2024-07-29,64.14746856689453
2024-07-30,62.47613525390625
2024-07-31,66.63458251953125
2024-08-01,62.73479461669922
2024-08-02,58.94444274902344
2024-08-05,57.372589111328125
2024-08-06,57.91975784301758
2024-08-07,55.86043167114258
2024-08-08,60.84459686279297
2024-08-09,60.24768829345703
2024-08-12,60.19794845581055
2024-08-13,63.71969223022461
2024-08-14,63.46103286743164
2024-08-15,68.97246551513672
2024-08-16,68.96251678466797
2024-08-19,70.67363739013672
2024-08-20,69.05205535888672
2024-08-21,70.97209167480469
2024-08-22,68.30592346191406
2024-08-23,71.46951293945312
2024-08-26,68.46510314941406
2024-08-27,69.35049438476562
2024-08-28,68.08704376220703
2024-08-29,69.47982025146484
2024-08-30,75.84681701660156
2024-09-03,69.65889739990234
2024-09-04,70.50452423095703
2024-09-05,69.52957153320312
2024-09-06,65.85859680175781
2024-09-09,68.57451629638672
2024-09-10,71.23075866699219
2024-09-11,74.5037841796875
2024-09-12,73.91683197021484
2024-09-13,74.09590911865234
2024-09-16,73.0214614868164
2024-09-17,72.39472198486328
2024-09-18,71.18101501464844
2024-09-19,74.49382781982422
2024-09-20,73.4890365600586
2024-09-23,71.4396743774414
2024-09-24,70.83281707763672
2024-09-25,70.81290435791016
2024-09-26,73.07121276855469
2024-09-27,70.62389373779297
2024-09-30,71.74807739257812
2024-10-01,69.94739532470703
2024-10-02,71.66848754882812
2024-10-03,71.8674545288086
2024-10-04,73.03141784667969
2024-10-07,73.33981323242188
2024-10-08,72.73297119140625
2024-10-09,72.46436309814453
2024-10-10,72.16590881347656
2024-10-11,73.68927764892578
2024-10-14,77.34336853027344
2024-10-15,79.06587982177734
2024-10-16,81.32603454589844
2024-10-17,79.56370544433594
2024-10-18,79.50396728515625
2024-10-21,81.47539520263672
2024-10-22,82.98880004882812
2024-10-23,81.47539520263672
2024-10-24,81.57495880126953
2024-10-25,81.25633239746094
2024-10-28,83.07840728759766
2024-10-29,84.5022201538086
2024-10-30,82.44119262695312
2024-10-31,79.7628402709961
2024-11-01,84.40263366699219
2024-11-04,84.01433563232422
2024-11-05,86.81216430664062
2024-11-06,90.23725891113281
2024-11-07,93.53290557861328
2024-11-08,93.39351654052734
2024-11-11,91.85022735595703
2024-11-12,92.37792205810547
2024-11-13,89.67967987060547
2024-11-14,90.30694580078125
2024-11-15,87.44938659667969
2024-11-18,88.32556915283203
2024-11-19,88.95283508300781
2024-11-20,89.4705810546875
2024-11-21,92.53723907470703
2024-11-22,92.1091079711914
2024-11-25,91.84026336669922
2024-11-26,92.73636627197266
2024-11-27,89.70954895019531
2024-11-29,92.288330078125
2024-12-02,96.44026184082031
2024-12-03,95.49436950683594
2024-12-04,117.63799285888672
2024-12-05,112.87871551513672
2024-12-06,113.01811218261719
2024-12-09,106.56617736816406
2024-12-10,106.21768951416016
2024-12-11,110.87741088867188
2024-12-12,108.53760528564453
2024-12-13,120.24664306640625
2024-12-16,124.2392578125
2024-12-17,111.76355743408203
2024-12-18,104.82376098632812
2024-12-19,108.63716125488281
2024-12-20,111.41507720947266
2024-12-23,113.26701354980469
2024-12-24,115.44752502441406
2024-12-26,115.20857238769531
2024-12-27,113.12761688232422
2024-12-30,111.17611694335938
2024-12-31,109.97135925292969
2025-01-02,113.06787109375
2025-01-03,117.66785430908203
2025-01-06,118.4942626953125
2025-01-07,115.72631072998047
2025-01-08,117.71765899658203
2025-01-10,113.88238525390625
2025-01-13,114.70921325683594
2025-01-14,114.75900268554688
2025-01-15,115.55596160888672
2025-01-16,117.12989807128906
2025-01-17,124.28241729736328
2025-01-21,123.3061752319336
2025-01-22,124.73069763183594
2025-01-23,125.57743835449219
2025-01-24,123.54524993896484
2025-01-27,99.94593811035156
2025-01-28,103.48234558105469
2025-01-29,106.38121032714844
2025-01-30,109.90766143798828
2025-01-31,112.42797088623047
2025-02-03,113.12528228759766
2025-02-04,109.2701187133789
2025-02-05,116.01419067382812
2025-02-06,118.78355407714844
2025-02-07,110.1965560913086
2025-02-10,112.36819458007812
2025-02-11,108.70228576660156
2025-02-12,105.01644897460938
2025-02-13,103.10380554199219
2025-02-14,106.10227966308594
2025-02-18,106.87930297851562
2025-02-19,110.61493682861328
2025-02-20,108.29386138916016
2025-02-21,103.41261291503906
2025-02-24,97.53520202636719
2025-02-25,92.64399719238281
2025-02-26,94.5367202758789
2025-02-27,87.31448364257812
2025-02-28,91.46851348876953
2025-03-03,85.5014419555664
2025-03-04,87.99187469482422
2025-03-05,89.7949447631836
2025-03-06,72.00330352783203
2025-03-07,70.5688247680664
2025-03-10,65.41861724853516
2025-03-11,66.90291595458984
2025-03-12,69.58261108398438
2025-03-13,68.49679565429688
2025-03-14,68.47686004638672
2025-03-17,70.13050079345703
2025-03-18,68.01862335205078
2025-03-19,69.54276275634766
2025-03-20,70.22016906738281
2025-03-21,70.12054443359375
2025-03-24,72.48147583007812
2025-03-25,71.39564514160156
2025-03-26,66.50444030761719
2025-03-27,64.61170959472656
2025-03-28,61.802513122558594
2025-03-31,61.33430480957031
2025-04-01,62.43009948730469
2025-04-02,62.987953186035156
2025-04-03,55.42700958251953
2025-04-04,49.240779876708984
2025-04-07,50.80476760864258
2025-04-08,49.83848190307617
2025-04-09,60.72664260864258
2025-04-10,52.6676139831543
2025-04-11,53.24605178833008
2025-04-14,52.11909866333008
2025-04-15,53.176239013671875
2025-04-16,51.78998565673828
2025-04-17,51.560604095458984
2025-04-21,49.246864318847656
2025-04-22,50.483516693115234
2025-04-23,53.625022888183594
2025-04-24,57.1754264831543
2025-04-25,58.761138916015625
2025-04-28,58.5417366027832
2025-04-29,58.52178955078125
2025-04-30,58.21261978149414
2025-05-01,60.78567123413086
2025-05-02,62.161949157714844
2025-05-05,61.812889099121094
2025-05-06,61.05493927001953
2025-05-07,56.15817642211914
2025-05-08,57.4746208190918
2025-05-09,59.489173889160156
2025-05-12,64.32609558105469
2025-05-13,65.30345153808594
2025-05-14,65.72232055664062
2025-05-15,65.02420043945312
2025-05-16,63.58808898925781
2025-05-19,62.391326904296875
2025-05-20,61.25439453125
2025-05-21,59.947933197021484
2025-05-22,61.6832389831543
2025-05-23,60.526371002197266
2025-05-27,63.647926330566406
2025-05-28,64.41584777832031
2025-05-29,63.55817413330078
2025-05-30,60.027713775634766
2025-06-02,61.30427169799805
2025-06-03,62.191864013671875
2025-06-04,66.12124633789062
2025-06-05,64.98431396484375
2025-06-06,68.16572570800781
2025-06-09,68.95358276367188
2025-06-10,68.65438842773438
2025-06-11,68.05601501464844
2025-06-12,69.45223999023438
2025-06-13,67.00884246826172
2025-06-16,70.2301254272461
2025-06-17,69.80128479003906
2025-06-18,74.7479248046875
2025-06-20,73.31179809570312
2025-06-23,70.58917236328125
2025-06-24,75.00721740722656
2025-06-25,75.72528076171875
2025-06-26,79.75437927246094
2025-06-27,76.95196533203125
2025-06-30,77.19131469726562
2025-07-01,76.03443908691406
2025-07-02,74.04981231689453
2025-07-03,74.97731018066406
2025-07-07,71.35708618164062
2025-07-08,71.7560043334961
2025-07-09,72.06517791748047
2025-07-10,73.16220092773438
2025-07-11,72.57331848144531
2025-07-14,72.37368774414062
2025-07-15,72.27388763427734
2025-07-16,70.71681213378906
2025-07-17,71.8746337890625
2025-07-18,74.50967407226562
2025-07-21,72.92265319824219
2025-07-22,71.85467529296875
2025-07-23,73.13226318359375
2025-07-24,73.90081024169922
2025-07-25,74.07049560546875
2025-07-28,75.76730346679688
2025-07-29,76.19649505615234
2025-07-30,81.58634185791016
2025-07-31,80.21892547607422
2025-08-01,74.31004333496094
2025-08-04,76.38613891601562
2025-08-05,76.48594665527344
2025-08-06,75.17840576171875
2025-08-07,75.7074203491211
2025-08-08,77.1946029663086
2025-08-11,77.13472747802734
2025-08-12,77.66372680664062
2025-08-13,79.1708984375
2025-08-14,78.89141845703125
2025-08-15,76.0467758178711
2025-08-18,76.59573364257812
2025-08-19,71.93451690673828
2025-08-20,71.08612060546875
2025-08-21,71.07614135742188
2025-08-22,72.8627700805664
2025-08-25,72.8128662109375
2025-08-26,74.12040710449219
2025-08-27,74.64940643310547
2025-08-28,77.08482360839844
2025-08-29,62.75181579589844
2025-09-02,64.47856140136719
2025-09-03,62.19287109375
2025-09-04,63.97949981689453
2025-09-05,63.2109489440918
2025-09-08,65.87593078613281
2025-09-09,66.71434783935547
2025-09-10,66.97386169433594
2025-09-11,66.46481323242188
2025-09-12,67.223388671875
2025-09-15,67.30323791503906
2025-09-16,68.73055267333984
2025-09-17,70.8465805053711
2025-09-18,74.09046173095703
2025-09-19,74.12040710449219
2025-09-22,75.38801574707031
2025-09-23,74.47972869873047
2025-09-24,79.93943786621094
2025-09-25,83.65245056152344
2025-09-26,83.0136489868164
2025-09-29,82.23511505126953
2025-09-30,83.91195678710938
2025-10-01,83.7322998046875
2025-10-02,86.03795623779297
2025-10-03,86.05792236328125
2025-10-06,88.75284576416016
2025-10-07,86.8065185546875
2025-10-08,92.32611846923828
2025-10-09,90.50953674316406
2025-10-10,85.50564575195312
2025-10-13,89.28103637695312
2025-10-14,86.11489868164062
2025-10-15,88.78164672851562
2025-10-16,88.12245178222656
2025-10-17,87.84278869628906
2025-10-20,85.73535919189453
2025-10-21,84.15728759765625
2025-10-22,80.95121002197266
2025-10-23,82.66910552978516
2025-10-24,84.0274429321289
2025-10-27,88.60186767578125
2025-10-28,88.35216522216797
2025-10-29,90.04010772705078
2025-10-30,88.4620361328125
2025-10-31,93.625732421875
2025-11-03,90.25984191894531
2025-11-04,87.48322296142578
2025-11-05,92.78675842285156
2025-11-06,93.21623229980469
2025-11-07,90.80917358398438
2025-11-10,93.11636352539062
2025-11-11,89.22110748291016
2025-11-12,89.22110748291016
2025-11-13,87.41331481933594
2025-11-14,86.34461975097656
2025-11-17,83.3482666015625
2025-11-18,78.58409118652344
2025-11-19,81.22087097167969
2025-11-20,76.58653259277344
2025-11-21,77.3555908203125
2025-11-24,83.68785858154297
2025-11-25,83.32830047607422
2025-11-26,87.61307525634766
2025-11-28,89.29103088378906
2025-12-01,90.98895263671875
2025-12-02,92.77677154541016
2025-12-03,100.0778579711914
2025-12-04,98.0703125
2025-12-05,98.78943634033203
2025-12-08,91.88785552978516
2025-12-09,88.79163360595703
2025-12-10,92.3572769165039
2025-12-11,89.32099151611328
2025-12-12,84.32707977294922
2025-12-15,84.15728759765625
2025-12-16,83.96752166748047
2025-12-17,81.60040283203125
2025-12-18,84.36703491210938
2025-12-19,83.98749542236328
2025-12-22,84.6966323852539
2025-12-23,87.5731201171875
2025-12-24,86.38456726074219
2025-12-26,86.23474884033203
2025-12-29,85.65546417236328
2025-12-30,86.65425109863281
2025-12-31,84.87641143798828
2026-01-02,89.28103637695312
2026-01-05,90.1200180053711
2026-01-06,88.12245178222656
2026-01-07,84.53681945800781
2026-01-08,83.3482666015625
2026-01-09,83.1783676147461
2026-01-12,82.84852600097656
2026-01-13,83.00845336914062
2026-01-14,81.16936492919922
2026-01-15,80.33978271484375
2026-01-16,80.41974639892578
2026-01-20,79.76007843017578
2026-01-21,82.50870513916016
2026-01-22,83.05841827392578
2026-01-23,80.18986511230469
2026-01-26,81.72908782958984
2026-01-27,82.88851165771484
2026-01-28,83.57816314697266
2026-01-29,81.29930114746094
2026-01-30,78.8805160522461
2026-02-02,78.62065124511719
2026-02-03,75.50220489501953
2026-02-04,73.693115234375
2026-02-05,74.17286682128906
2026-02-06,80.23983001708984
2026-02-09,82.30879974365234
2026-02-10,81.9689712524414
2026-02-11,81.29930114746094
2026-02-12,78.19086456298828
2026-02-13,78.57067108154297
2026-02-17,78.97047424316406
2026-02-18,79.05042266845703
2026-02-19,79.5701675415039
2026-02-20,79.44023895263672
2026-02-23,77.75108337402344
2026-02-24,78.35077667236328
2026-02-25,80.87950897216797
2026-02-26,79.25032806396484
2026-02-27,81.64913177490234
2026-03-02,80.81954193115234
2026-03-03,77.47122192382812
2026-03-04,78.0509262084961
2026-03-05,75.64213562011719
2026-03-06,89.52518463134766
2026-03-09,92.60364532470703
2026-03-10,93.25332641601562
2026-03-11,90.3947525024414
2026-03-12,87.62613677978516
2026-03-13,87.8160400390625
2026-03-16,91.5341796875
2026-03-17,90.74457550048828
2026-03-18,87.57616424560547
2026-03-19,89.4852066040039
2026-03-20,87.86602020263672
2026-03-23,90.1148910522461
2026-03-24,92.31378936767578
2026-03-25,98.40074157714844
2026-03-26,97.6311264038086
2026-03-27,94.83252716064453
2026-03-30,87.76606750488281
2026-03-31,99.00044250488281
2026-04-01,106.65660858154297
2026-04-02,107.05641174316406
2026-04-06,109.45521545410156
2026-04-07,109.32527160644531
2026-04-08,114.39273834228516
2026-04-09,119.8699951171875
2026-04-10,128.49000549316406
2026-04-13,131.3000030517578
2026-04-14,133.8300018310547
2026-04-15,134.60000610351562
2026-04-16,133.3699951171875
2026-04-17,139.69000244140625
2026-04-20,147.83999633789062
2026-04-21,151.30999755859375
2026-04-22,157.32000732421875
2026-04-23,165.55999755859375
2026-04-24,164.30999755859375
2026-04-27,158.2100067138672
2026-04-28,153.22999572753906
2026-04-29,156.57000732421875
2026-04-30,165.14999389648438
2026-05-01,164.9499969482422
2026-05-04,163.66000366210938
2026-05-05,168.75
2026-05-06,172.14999389648438
2026-05-07,160.00999450683594
2026-05-08,170.1300048828125
2026-05-11,170.83999633789062
2026-05-12,164.5
2026-05-13,177.9499969482422
2026-05-14,182.5800018310547
2026-05-15,176.88999938964844
2026-05-18,168.92999267578125
2026-05-19,176.27000427246094
2026-05-20,186.8000030517578
2026-05-21,190.69000244140625
2026-05-22,196.3300018310547
2026-05-26,208.25999450683594
2026-05-27,198.6999969482422
2026-05-28,204.8300018310547
2026-05-29,205.0
2026-06-01,219.42999267578125
2026-06-02,290.7900085449219
2026-06-03,301.6499938964844
