Date,TSM
2016-01-04,16.96634292602539
2016-01-05,16.85881996154785
2016-01-06,16.390304565429688
2016-01-07,16.205968856811523
2016-01-08,15.983237266540527
2016-01-11,16.075403213500977
2016-01-12,15.937150955200195
2016-01-13,15.729775428771973
2016-01-14,16.758970260620117
2016-01-15,16.205968856811523
2016-01-19,16.636079788208008
2016-01-20,16.198293685913086
2016-01-21,16.38262367248535
2016-01-22,16.843454360961914
2016-01-25,16.735933303833008
2016-01-26,16.58232307434082
2016-01-27,16.651443481445312
2016-01-28,16.6130428314209
2016-01-29,17.166040420532227
2016-02-01,17.250524520874023
2016-02-02,17.32733154296875
2016-02-03,17.603832244873047
2016-02-04,17.84192657470703
2016-02-05,17.47325897216797
2016-02-08,17.51166534423828
2016-02-09,17.32733154296875
2016-02-10,17.127635955810547
2016-02-11,16.89722442626953
2016-02-12,17.08155632019043
2016-02-16,17.92641258239746
2016-02-17,18.156831741333008
2016-02-18,18.279720306396484
2016-02-19,18.264358520507812
2016-02-22,18.402612686157227
2016-02-23,17.972497940063477
2016-02-24,17.987857818603516
2016-02-25,18.195236206054688
2016-02-26,18.256683349609375
2016-02-29,18.087703704833984
2016-03-01,18.878807067871094
2016-03-02,18.909528732299805
2016-03-03,18.86344337463379
2016-03-04,18.932567596435547
2016-03-07,18.97096824645996
2016-03-08,18.932567596435547
2016-03-09,19.00169563293457
2016-03-10,19.00169563293457
2016-03-11,19.4702091217041
2016-03-14,19.370359420776367
2016-03-15,19.109222412109375
2016-03-16,19.800472259521484
2016-03-17,19.79279136657715
2016-03-18,20.000173568725586
2016-03-21,19.915679931640625
2016-03-22,19.823509216308594
2016-03-23,19.723665237426758
2016-03-24,19.762073516845703
2016-03-28,19.685258865356445
2016-03-29,19.94639778137207
2016-03-30,20.322751998901367
2016-03-31,20.123056411743164
2016-04-01,20.061614990234375
2016-04-04,19.854238510131836
2016-04-05,19.593093872070312
2016-04-06,19.677579879760742
2016-04-07,19.485572814941406
2016-04-08,19.41644287109375
2016-04-11,19.593093872070312
2016-04-12,19.63918113708496
2016-04-13,20.10001564025879
2016-04-14,19.431804656982422
2016-04-15,19.554689407348633
2016-04-18,19.58541488647461
2016-04-19,19.324277877807617
2016-04-20,19.293556213378906
2016-04-21,19.324277877807617
2016-04-22,19.25515365600586
2016-04-25,19.209068298339844
2016-04-26,19.209068298339844
2016-04-27,19.393396377563477
2016-04-28,18.55622100830078
2016-04-29,18.118425369262695
2016-05-02,18.195236206054688
2016-05-03,17.911054611206055
2016-05-04,17.987857818603516
2016-05-05,18.049304962158203
2016-05-06,17.980178833007812
2016-05-09,17.949453353881836
2016-05-10,17.96482276916504
2016-05-11,17.834247589111328
2016-05-12,17.65760040283203
2016-05-13,17.527023315429688
2016-05-16,17.7497615814209
2016-05-17,17.62687873840332
2016-05-18,18.06466293334961
2016-05-19,17.857288360595703
2016-05-20,18.36421012878418
2016-05-23,18.640710830688477
2016-05-24,18.794321060180664
2016-05-25,18.909528732299805
2016-05-26,19.04009437561035
2016-05-27,19.047780990600586
2016-05-31,18.986331939697266
2016-06-01,19.393396377563477
2016-06-02,19.339641571044922
2016-06-03,19.608455657958984
2016-06-06,19.5623779296875
2016-06-07,20.015527725219727
2016-06-08,20.222900390625
2016-06-09,20.14609718322754
2016-06-10,19.861915588378906
2016-06-13,19.685258865356445
2016-06-14,19.63918113708496
2016-06-15,19.846555709838867
2016-06-16,19.861915588378906
2016-06-17,19.854238510131836
2016-06-20,20.25362777709961
2016-06-21,20.422597885131836
2016-06-22,20.384193420410156
2016-06-23,20.591569900512695
2016-06-24,19.723665237426758
2016-06-27,19.842403411865234
2016-06-28,20.12928009033203
2016-06-29,20.55959701538086
2016-06-30,20.902259826660156
2016-07-01,21.14131736755371
2016-07-05,20.926166534423828
2016-07-06,20.8385066986084
2016-07-07,20.96600914001465
2016-07-08,21.30069351196289
2016-07-11,21.67523193359375
2016-07-12,21.4919490814209
2016-07-13,21.428199768066406
2016-07-14,21.603513717651367
2016-07-15,21.523826599121094
2016-07-18,22.025861740112305
2016-07-19,21.731019973754883
2016-07-20,21.954147338867188
2016-07-21,21.898359298706055
2016-07-22,22.105552673339844
2016-07-25,22.20117950439453
2016-07-26,22.575712203979492
2016-07-27,22.392433166503906
2016-07-28,22.424306869506836
2016-07-29,22.13742446899414
2016-08-01,22.806806564331055
2016-08-02,22.440244674682617
2016-08-03,22.440244674682617
2016-08-04,22.631494522094727
2016-08-05,22.94228172302246
2016-08-08,23.18134117126465
2016-08-09,23.428380966186523
2016-08-10,23.28493881225586
2016-08-11,23.2211856842041
2016-08-12,23.300872802734375
2016-08-15,23.420408248901367
2016-08-16,23.17337417602539
2016-08-17,23.093687057495117
2016-08-18,23.237125396728516
2016-08-19,22.822744369506836
2016-08-22,22.631494522094727
2016-08-23,22.711181640625
2016-08-24,22.623523712158203
2016-08-25,22.790870666503906
2016-08-26,22.822744369506836
2016-08-29,22.870563507080078
2016-08-30,22.806806564331055
2016-08-31,22.90243148803711
2016-09-01,23.07775115966797
2016-09-02,23.2211856842041
2016-09-06,23.50010108947754
2016-09-07,23.76306915283203
2016-09-08,23.739160537719727
2016-09-09,22.782901763916016
2016-09-12,23.101652145385742
2016-09-13,22.703214645385742
2016-09-14,22.806806564331055
2016-09-15,23.253067016601562
2016-09-16,23.037900924682617
2016-09-19,23.850732803344727
2016-09-20,23.82681655883789
2016-09-21,24.304954528808594
2016-09-22,24.432453155517578
2016-09-23,24.002138137817383
2016-09-26,23.77900505065918
2016-09-27,24.225263595581055
2016-09-28,24.169477462768555
2016-09-29,24.225263595581055
2016-09-30,24.376670837402344
2016-10-03,24.480262756347656
2016-10-04,24.2172908782959
2016-10-05,24.328859329223633
2016-10-06,24.520105361938477
2016-10-07,24.846824645996094
2016-10-10,24.926525115966797
2016-10-11,24.48823356628418
2016-10-12,24.982303619384766
2016-10-13,24.328859329223633
2016-10-14,24.432453155517578
2016-10-17,24.36072540283203
2016-10-18,24.591827392578125
2016-10-19,24.68745231628418
2016-10-20,24.75120735168457
2016-10-21,24.767141342163086
2016-10-24,25.03011131286621
2016-10-25,25.14167022705078
2016-10-26,24.870737075805664
2016-10-27,24.520105361938477
2016-10-28,24.520105361938477
2016-10-31,24.7830810546875
2016-11-01,24.4722957611084
2016-11-02,24.2172908782959
2016-11-03,24.129642486572266
2016-11-04,24.097763061523438
2016-11-07,24.982303619384766
2016-11-08,24.974334716796875
2016-11-09,24.376670837402344
2016-11-10,23.460254669189453
2016-11-11,23.850732803344727
2016-11-14,22.990087509155273
2016-11-15,23.269004821777344
2016-11-16,23.794946670532227
2016-11-17,23.484159469604492
2016-11-18,23.484159469604492
2016-11-21,23.627595901489258
2016-11-22,23.834787368774414
2016-11-23,23.818849563598633
2016-11-25,23.63556671142578
2016-11-28,23.63556671142578
2016-11-29,23.54791259765625
2016-11-30,23.659475326538086
2016-12-01,22.751022338867188
2016-12-02,22.998062133789062
2016-12-05,23.125564575195312
2016-12-06,23.516033172607422
2016-12-07,23.850732803344727
2016-12-08,23.938383102416992
2016-12-09,24.002138137817383
2016-12-12,23.82681655883789
2016-12-13,24.19338607788086
2016-12-14,23.80291748046875
2016-12-15,24.034008026123047
2016-12-16,23.492128372192383
2016-12-19,23.324787139892578
2016-12-20,23.356657028198242
2016-12-21,23.2211856842041
2016-12-22,22.90243148803711
2016-12-23,23.14946746826172
2016-12-27,23.189311981201172
2016-12-28,23.20524787902832
2016-12-29,23.21321678161621
2016-12-30,22.910404205322266
2017-01-03,23.356657028198242
2017-01-04,23.34868812561035
2017-01-05,23.747133255004883
2017-01-06,23.611663818359375
2017-01-09,23.938383102416992
2017-01-10,23.96228790283203
2017-01-11,24.04197120666504
2017-01-12,23.340721130371094
2017-01-13,23.460254669189453
2017-01-17,23.603694915771484
2017-01-18,23.50010108947754
2017-01-19,23.611663818359375
2017-01-20,23.96228790283203
2017-01-23,24.169477462768555
2017-01-24,24.559953689575195
2017-01-25,24.950428009033203
2017-01-26,24.791044235229492
2017-01-27,24.90261459350586
2017-01-30,24.854801177978516
2017-01-31,24.63167381286621
2017-02-01,24.767141342163086
2017-02-02,24.5280818939209
2017-02-03,24.67948341369629
2017-02-06,24.59979820251465
2017-02-07,24.320886611938477
2017-02-08,24.169477462768555
2017-02-09,24.073854446411133
2017-02-10,24.4722957611084
2017-02-13,25.253244400024414
2017-02-14,24.96636199951172
2017-02-15,25.301057815551758
2017-02-16,25.755277633666992
2017-02-17,25.77121925354004
2017-02-21,25.763248443603516
2017-02-22,25.55605697631836
2017-02-23,25.301057815551758
2017-02-24,25.436525344848633
2017-02-27,25.125743865966797
2017-02-28,25.07792854309082
2017-03-01,25.165584564208984
2017-03-02,24.59979820251465
2017-03-03,24.583858489990234
2017-03-06,24.583858489990234
2017-03-07,24.950428009033203
2017-03-08,24.87870216369629
2017-03-09,24.68745231628418
2017-03-10,24.75120735168457
2017-03-13,25.101835250854492
2017-03-14,24.870737075805664
2017-03-15,25.42855453491211
2017-03-16,25.826997756958008
2017-03-17,25.970436096191406
2017-03-20,26.17761993408203
2017-03-21,25.882780075073242
2017-03-22,26.050125122070312
2017-03-23,25.946531295776367
2017-03-24,26.145753860473633
2017-03-27,26.43263053894043
2017-03-28,26.57606315612793
2017-03-29,26.24137306213379
2017-03-30,26.35293960571289
2017-03-31,26.16965675354004
2017-04-03,26.209501266479492
2017-04-04,26.185598373413086
2017-04-05,26.21746826171875
2017-04-06,26.185598373413086
2017-04-07,26.193561553955078
2017-04-10,25.914653778076172
2017-04-11,25.81903076171875
2017-04-12,25.723400115966797
2017-04-13,25.36480712890625
2017-04-17,25.524181365966797
2017-04-18,25.332931518554688
2017-04-19,25.189491271972656
2017-04-20,25.332931518554688
2017-04-21,25.56402587890625
2017-04-24,26.05809783935547
2017-04-25,26.35293960571289
2017-04-26,26.29715919494629
2017-04-27,26.313095092773438
2017-04-28,26.35293960571289
2017-05-01,26.615915298461914
2017-05-02,27.038257598876953
2017-05-03,27.32513427734375
2017-05-04,27.205608367919922
2017-05-05,27.428728103637695
2017-05-08,27.874988555908203
2017-05-09,28.217649459838867
2017-05-10,28.217649459838867
2017-05-11,28.337186813354492
2017-05-12,28.185771942138672
2017-05-15,27.93874168395996
2017-05-16,27.914827346801758
2017-05-17,27.428728103637695
2017-05-18,27.81123924255371
2017-05-19,28.0502986907959
2017-05-22,28.209688186645508
2017-05-23,28.209688186645508
2017-05-24,28.305309295654297
2017-05-25,28.345151901245117
2017-05-26,28.297334671020508
2017-05-30,28.512502670288086
2017-05-31,28.177804946899414
2017-06-01,28.60015106201172
2017-06-02,28.831247329711914
2017-06-05,28.99858856201172
2017-06-06,29.030471801757812
2017-06-07,29.054372787475586
2017-06-08,29.349227905273438
2017-06-09,28.520469665527344
2017-06-12,28.082176208496094
2017-06-13,28.337186813354492
2017-06-14,28.408897399902344
2017-06-15,28.241559982299805
2017-06-16,28.584217071533203
2017-06-19,28.855159759521484
2017-06-20,28.791399002075195
2017-06-21,29.253589630126953
2017-06-22,29.253589630126953
2017-06-23,29.2695369720459
2017-06-26,29.72950553894043
2017-06-27,28.873746871948242
2017-06-28,29.087688446044922
2017-06-29,28.643346786499023
2017-06-30,28.766769409179688
2017-07-03,28.70094108581543
2017-07-05,28.65157127380371
2017-07-06,28.38826560974121
2017-07-07,28.4952335357666
2017-07-10,28.79969024658203
2017-07-11,29.112375259399414
2017-07-12,29.367446899414062
2017-07-13,29.745967864990234
2017-07-14,29.8282470703125
2017-07-17,29.548479080200195
2017-07-18,29.51556968688965
2017-07-19,29.959909439086914
2017-07-20,29.704822540283203
2017-07-21,29.499107360839844
2017-07-24,29.803558349609375
2017-07-25,29.704822540283203
2017-07-26,29.803558349609375
2017-07-27,29.770645141601562
2017-07-28,29.50733757019043
2017-07-31,29.589618682861328
2017-08-01,29.490882873535156
2017-08-02,29.68013572692871
2017-08-03,29.449750900268555
2017-08-04,29.647226333618164
2017-08-07,30.272581100463867
2017-08-08,30.198535919189453
2017-08-09,30.00104331970215
2017-08-10,29.079456329345703
2017-08-11,29.737733840942383
2017-08-14,29.663679122924805
2017-08-15,29.968130111694336
2017-08-16,29.90230369567871
2017-08-17,29.449750900268555
2017-08-18,29.50733757019043
2017-08-21,29.606077194213867
2017-08-22,30.050405502319336
2017-08-23,30.09978485107422
2017-08-24,30.305498123168945
2017-08-25,30.321958541870117
2017-08-28,30.256128311157227
2017-08-29,30.346641540527344
2017-08-30,30.38778305053711
2017-08-31,30.42070198059082
2017-09-01,30.62641143798828
2017-09-05,30.321958541870117
2017-09-06,30.667552947998047
2017-09-07,30.88971710205078
2017-09-08,30.8568172454834
2017-09-11,31.13657569885254
2017-09-12,31.153043746948242
2017-09-13,30.881494522094727
2017-09-14,30.758068084716797
2017-09-15,30.980239868164062
2017-09-18,31.325828552246094
2017-09-19,31.515090942382812
2017-09-20,31.1201229095459
2017-09-21,31.46571922302246
2017-09-22,31.078981399536133
2017-09-25,30.502992630004883
2017-09-26,30.560575485229492
2017-09-27,30.651098251342773
2017-09-28,30.486522674560547
2017-09-29,30.897953033447266
2017-10-02,31.375207901000977
2017-10-03,31.630285263061523
2017-10-04,31.49039077758789
2017-10-05,31.64674186706543
2017-10-06,31.64674186706543
2017-10-09,31.90182113647461
2017-10-10,32.06639099121094
2017-10-11,33.201927185058594
2017-10-12,33.27598571777344
2017-10-13,33.588661193847656
2017-10-16,33.646263122558594
2017-10-17,33.94248962402344
2017-10-18,34.1482048034668
2017-10-19,33.794376373291016
2017-10-20,33.835514068603516
2017-10-23,33.90957260131836
2017-10-24,34.000083923339844
2017-10-25,33.86843490600586
2017-10-26,33.901344299316406
2017-10-27,34.68305206298828
2017-10-30,34.66659927368164
2017-10-31,34.831172943115234
2017-11-01,34.641910552978516
2017-11-02,34.68305206298828
2017-11-03,34.71596908569336
2017-11-06,34.9134521484375
2017-11-07,34.979278564453125
2017-11-08,34.9134521484375
2017-11-09,34.26340866088867
2017-11-10,34.3292236328125
2017-11-13,34.5678596496582
2017-11-14,34.444427490234375
2017-11-15,34.18111801147461
2017-11-16,34.641910552978516
2017-11-17,34.61722946166992
2017-11-20,34.732421875
2017-11-21,35.03687286376953
2017-11-22,34.8969841003418
2017-11-24,35.374244689941406
2017-11-27,33.81084442138672
2017-11-28,33.67918014526367
2017-11-29,32.42844772338867
2017-11-30,32.58478927612305
2017-12-01,32.66707229614258
2017-12-04,32.41199493408203
2017-12-05,32.255653381347656
2017-12-06,31.8277645111084
2017-12-07,32.09931182861328
2017-12-08,32.09107971191406
2017-12-11,32.39554214477539
2017-12-12,32.33793258666992
2017-12-13,32.32970428466797
2017-12-14,32.42021179199219
2017-12-15,32.502506256103516
2017-12-18,32.42021179199219
2017-12-19,32.370845794677734
2017-12-20,32.45314025878906
2017-12-21,32.280330657958984
2017-12-22,32.60948181152344
2017-12-26,32.04993438720703
2017-12-27,32.15690994262695
2017-12-28,32.69998550415039
2017-12-29,32.625938415527344
2018-01-02,33.753238677978516
2018-01-03,34.32099533081055
2018-01-04,34.13996887207031
2018-01-05,34.93813705444336
2018-01-08,34.92167282104492
2018-01-09,34.70773696899414
2018-01-10,33.98362731933594
2018-01-11,33.76145553588867
2018-01-12,33.89311218261719
2018-01-16,34.74888610839844
2018-01-17,35.48944091796875
2018-01-18,36.674339294433594
2018-01-19,36.75662612915039
2018-01-22,38.163700103759766
2018-01-23,38.0814094543457
2018-01-24,37.299713134765625
2018-01-25,37.11044692993164
2018-01-26,37.6206169128418
2018-01-29,37.35731506347656
2018-01-30,36.92943572998047
2018-01-31,37.28325271606445
2018-02-01,37.39845657348633
2018-02-02,36.624977111816406
2018-02-05,35.341331481933594
2018-02-06,35.867950439453125
2018-02-07,34.460880279541016
2018-02-08,33.21015930175781
2018-02-09,34.1235237121582
2018-02-12,34.9957275390625
2018-02-13,34.872314453125
2018-02-14,35.423622131347656
2018-02-15,35.81035232543945
2018-02-16,35.777435302734375
2018-02-20,35.99138259887695
2018-02-21,35.29196548461914
2018-02-22,34.880531311035156
2018-02-23,36.12303924560547
2018-02-26,36.54268264770508
2018-02-27,35.892635345458984
2018-02-28,35.67047882080078
2018-03-01,35.15208435058594
2018-03-02,35.39069747924805
2018-03-05,35.78567123413086
2018-03-06,35.826805114746094
2018-03-07,36.369895935058594
2018-03-08,36.0407600402832
2018-03-09,36.6908073425293
2018-03-12,37.209197998046875
2018-03-13,37.01994323730469
2018-03-14,37.1515998840332
2018-03-15,37.28325271606445
2018-03-16,37.00349426269531
2018-03-19,36.699031829833984
2018-03-20,36.888282775878906
2018-03-21,36.78133010864258
2018-03-22,35.95023727416992
2018-03-23,35.03687286376953
2018-03-26,36.42749786376953
2018-03-27,35.62110137939453
2018-03-28,35.12739181518555
2018-03-29,36.007835388183594
2018-04-02,34.97105026245117
2018-04-03,35.777435302734375
2018-04-04,36.15595245361328
2018-04-05,35.645790100097656
2018-04-06,34.90520477294922
2018-04-09,35.440067291259766
2018-04-10,35.8597297668457
2018-04-11,35.695152282714844
2018-04-12,36.08189392089844
2018-04-13,35.09447479248047
2018-04-16,35.275508880615234
2018-04-17,34.8147087097168
2018-04-18,34.4937858581543
2018-04-19,32.527198791503906
2018-04-20,32.04993438720703
2018-04-23,31.8853702545166
2018-04-24,31.8853702545166
2018-04-25,31.408119201660156
2018-04-26,31.408119201660156
2018-04-27,31.408119201660156
2018-04-30,31.63851547241211
2018-05-01,32.03348159790039
2018-05-02,31.062517166137695
2018-05-03,31.35051727294922
2018-05-04,31.75370979309082
2018-05-07,31.63851547241211
2018-05-08,32.23918914794922
2018-05-09,32.37907791137695
2018-05-10,32.72467803955078
2018-05-11,32.83987045288086
2018-05-14,32.87278747558594
2018-05-15,32.33793258666992
2018-05-16,32.74113082885742
2018-05-17,32.05817413330078
2018-05-18,31.613826751708984
2018-05-21,32.47782516479492
2018-05-22,32.617706298828125
2018-05-23,32.625938415527344
2018-05-24,32.31325149536133
2018-05-25,32.33793258666992
2018-05-29,31.39989471435547
2018-05-30,31.548004150390625
2018-05-31,31.844221115112305
2018-06-01,32.255653381347656
2018-06-04,32.889244079589844
2018-06-05,32.53541564941406
2018-06-06,32.551883697509766
2018-06-07,32.51896286010742
2018-06-08,32.03348159790039
2018-06-11,31.893590927124023
2018-06-12,32.255653381347656
2018-06-13,32.13221740722656
2018-06-14,31.761932373046875
2018-06-15,31.83599281311035
2018-06-18,31.47394561767578
2018-06-19,30.906177520751953
2018-06-20,31.556230545043945
2018-06-21,30.955554962158203
2018-06-22,31.366973876953125
2018-06-25,31.140949249267578
2018-06-26,31.098295211791992
2018-06-27,30.28800392150879
2018-06-28,30.654769897460938
2018-06-29,31.183595657348633
2018-07-02,31.166536331176758
2018-07-03,31.038591384887695
2018-07-05,31.20918846130371
2018-07-06,31.789186477661133
2018-07-09,32.26681900024414
2018-07-10,32.35212326049805
2018-07-11,31.533294677734375
2018-07-12,31.823301315307617
2018-07-13,32.21565246582031
2018-07-16,32.23270034790039
2018-07-17,32.445953369140625
2018-07-18,32.761539459228516
2018-07-19,33.95565414428711
2018-07-20,34.74036407470703
2018-07-23,34.74889373779297
2018-07-24,34.45036315917969
2018-07-25,34.87683868408203
2018-07-26,34.8171272277832
2018-07-27,35.354488372802734
2018-07-30,35.04742431640625
2018-07-31,35.14977264404297
2018-08-01,35.57624053955078
2018-08-02,35.439781188964844
2018-08-03,35.55918502807617
2018-08-06,35.030357360839844
2018-08-07,35.17536163330078
2018-08-08,35.79801940917969
2018-08-09,35.68712615966797
2018-08-10,34.996246337890625
2018-08-13,34.72331237792969
2018-08-14,34.89389419555664
2018-08-15,34.501529693603516
2018-08-16,34.46742248535156
2018-08-17,34.228599548339844
2018-08-20,34.203006744384766
2018-08-21,34.87683868408203
2018-08-22,34.885372161865234
2018-08-23,34.697723388671875
2018-08-24,35.17536163330078
2018-08-27,35.42271423339844
2018-08-28,36.122127532958984
2018-08-29,37.64036560058594
2018-08-30,37.06889724731445
2018-08-31,37.18830108642578
2018-09-04,37.62330627441406
2018-09-05,37.71713638305664
2018-09-06,37.5721321105957
2018-09-07,38.28008270263672
2018-09-10,38.05830001831055
2018-09-11,37.99860382080078
2018-09-12,37.47830581665039
2018-09-13,37.04331970214844
2018-09-14,37.87918472290039
2018-09-17,37.32477951049805
2018-09-18,37.15419387817383
2018-09-19,37.54654312133789
2018-09-20,37.67449188232422
2018-09-21,37.58066940307617
2018-09-24,38.28860855102539
2018-09-25,37.67449188232422
2018-09-26,37.75978088378906
2018-09-27,38.1777229309082
2018-09-28,37.66596221923828
2018-10-01,38.09242630004883
2018-10-02,37.20536804199219
2018-10-03,37.49536895751953
2018-10-04,36.19036865234375
2018-10-05,35.508018493652344
2018-10-08,34.93653106689453
2018-10-09,34.885372161865234
2018-10-10,33.563289642333984
2018-10-11,33.21358871459961
2018-10-12,33.82770919799805
2018-10-15,33.051536560058594
2018-10-16,34.12623596191406
2018-10-17,33.750938415527344
2018-10-18,32.872413635253906
2018-10-19,32.795654296875
2018-10-22,33.02595138549805
2018-10-23,32.41183090209961
2018-10-24,31.115354537963867
2018-10-25,31.891536712646484
2018-10-26,31.27742576599121
2018-10-29,30.987415313720703
2018-10-30,32.22418212890625
2018-10-31,32.49712371826172
2018-11-01,33.30742645263672
2018-11-02,33.07712173461914
2018-11-05,32.82123947143555
2018-11-06,33.03448486328125
2018-11-07,33.41830062866211
2018-11-08,33.00888442993164
2018-11-09,32.47153091430664
2018-11-12,31.61006736755371
2018-11-13,31.90006446838379
2018-11-14,32.27535629272461
2018-11-15,32.855369567871094
2018-11-16,31.44800567626953
2018-11-19,30.74858283996582
2018-11-20,30.398887634277344
2018-11-21,30.850940704345703
2018-11-23,30.671825408935547
2018-11-26,31.422412872314453
2018-11-27,31.388290405273438
2018-11-28,32.42036437988281
2018-11-29,32.35212326049805
2018-11-30,32.062129974365234
2018-12-03,33.03448486328125
2018-12-04,31.934188842773438
2018-12-06,31.439472198486328
2018-12-07,31.149471282958984
2018-12-10,31.072715759277344
2018-12-11,31.303003311157227
2018-12-12,31.883007049560547
2018-12-13,31.840362548828125
2018-12-14,31.158008575439453
2018-12-17,30.89358901977539
2018-12-18,31.354171752929688
2018-12-19,30.90212059020996
2018-12-20,30.60359764099121
2018-12-21,30.458593368530273
2018-12-24,30.100358963012695
2018-12-26,31.354171752929688
2018-12-27,31.37124252319336
2018-12-28,31.678300857543945
2018-12-31,31.482128143310547
2019-01-02,31.149471282958984
2019-01-03,29.30711555480957
2019-01-04,29.827411651611328
2019-01-07,30.049184799194336
2019-01-08,29.801816940307617
2019-01-09,30.3732967376709
2019-01-10,31.064178466796875
2019-01-11,31.22623634338379
2019-01-14,30.50124740600586
2019-01-15,30.740060806274414
2019-01-16,30.398887634277344
2019-01-17,30.953296661376953
2019-01-18,31.422412872314453
2019-01-22,31.021530151367188
2019-01-23,31.123891830444336
2019-01-24,32.104766845703125
2019-01-25,32.5312385559082
2019-01-28,31.934188842773438
2019-01-29,30.987415313720703
2019-01-30,31.883007049560547
2019-01-31,32.087711334228516
2019-02-01,32.04507064819336
2019-02-04,32.360660552978516
2019-02-05,32.62506103515625
2019-02-06,33.04301071166992
2019-02-07,32.51417922973633
2019-02-08,32.23270034790039
2019-02-11,32.65918731689453
2019-02-12,32.95771026611328
2019-02-13,32.52271270751953
2019-02-14,32.463008880615234
2019-02-15,32.48859405517578
2019-02-19,32.80418395996094
2019-02-20,33.2647705078125
2019-02-21,33.247703552246094
2019-02-22,33.59743118286133
2019-02-25,33.759483337402344
2019-02-26,33.776546478271484
2019-02-27,33.64859390258789
2019-02-28,33.30742645263672
2019-03-01,33.59743118286133
2019-03-04,33.392723083496094
2019-03-05,33.28182601928711
2019-03-06,33.08565139770508
2019-03-07,32.94917678833008
2019-03-08,32.58241653442383
2019-03-11,32.95771026611328
2019-03-12,33.179481506347656
2019-03-13,33.443885803222656
2019-03-14,33.111236572265625
2019-03-15,33.819183349609375
2019-03-18,33.989768981933594
2019-03-19,33.91301727294922
2019-03-20,33.989768981933594
2019-03-21,35.00477600097656
2019-03-22,34.484474182128906
2019-03-25,34.04948806762695
2019-03-26,34.458892822265625
2019-03-27,34.28831481933594
2019-03-28,34.40772247314453
2019-03-29,34.93653106689453
2019-04-01,35.2862434387207
2019-04-02,35.200958251953125
2019-04-03,35.64448547363281
2019-04-04,35.85771560668945
2019-04-05,36.019775390625
2019-04-08,36.156246185302734
2019-04-09,36.002716064453125
2019-04-10,36.13918685913086
2019-04-11,35.908897399902344
2019-04-12,36.31831359863281
2019-04-15,36.34389114379883
2019-04-16,36.6850700378418
2019-04-17,37.86213684082031
2019-04-18,38.723609924316406
2019-04-22,38.510372161865234
2019-04-23,38.74066162109375
2019-04-24,38.732139587402344
2019-04-25,37.938899993896484
2019-04-26,37.47830581665039
2019-04-29,37.384490966796875
2019-04-30,37.37595748901367
2019-05-01,37.37595748901367
2019-05-02,37.870662689208984
2019-05-03,38.13507843017578
2019-05-06,37.32477951049805
2019-05-07,37.32477951049805
2019-05-08,37.27360916137695
2019-05-09,36.88978958129883
2019-05-10,36.53154754638672
2019-05-13,34.962127685546875
2019-05-14,35.79801940917969
2019-05-15,35.79801940917969
2019-05-16,35.42271423339844
2019-05-17,34.3309440612793
2019-05-20,32.97476577758789
2019-05-21,33.52064514160156
2019-05-22,33.179481506347656
2019-05-23,32.47153091430664
2019-05-24,32.58241653442383
2019-05-28,32.113304138183594
2019-05-29,32.14741516113281
2019-05-30,32.445953369140625
2019-05-31,32.710365295410156
2019-06-03,33.111236572265625
2019-06-04,33.315948486328125
2019-06-05,32.60801315307617
2019-06-06,32.78712463378906
2019-06-07,33.111236572265625
2019-06-10,33.79359817504883
2019-06-11,34.0836067199707
2019-06-12,33.65711975097656
2019-06-13,33.64859390258789
2019-06-14,32.27535629272461
2019-06-17,32.121826171875
2019-06-18,33.443885803222656
2019-06-19,33.60594940185547
2019-06-20,34.55271530151367
2019-06-21,34.56125259399414
2019-06-24,35.20942687988281
2019-06-25,34.275901794433594
2019-06-26,34.41682052612305
2019-06-27,34.865966796875
2019-06-28,34.49607849121094
2019-07-01,36.44237518310547
2019-07-02,35.93157196044922
2019-07-03,35.517662048339844
2019-07-05,35.165382385253906
2019-07-08,34.628170013427734
2019-07-09,34.9364128112793
2019-07-10,35.85232162475586
2019-07-11,36.019649505615234
2019-07-12,36.310264587402344
2019-07-15,36.829864501953125
2019-07-16,36.785831451416016
2019-07-17,36.66254425048828
2019-07-18,38.03639602661133
2019-07-19,38.60002899169922
2019-07-22,39.27814483642578
2019-07-23,39.11962890625
2019-07-24,39.225303649902344
2019-07-25,38.41508102416992
2019-07-26,38.274173736572266
2019-07-29,38.696895599365234
2019-07-30,37.965938568115234
2019-07-31,37.543212890625
2019-08-01,36.873897552490234
2019-08-02,36.680145263671875
2019-08-05,35.112552642822266
2019-08-06,36.336692810058594
2019-08-07,36.336692810058594
2019-08-08,36.90032196044922
2019-08-09,36.46879196166992
2019-08-12,36.072479248046875
2019-08-13,36.847476959228516
2019-08-14,35.60572052001953
2019-08-15,35.98442077636719
2019-08-16,36.58327865600586
2019-08-19,36.794639587402344
2019-08-20,36.93555450439453
2019-08-21,37.49918746948242
2019-08-22,37.102882385253906
2019-08-23,36.063690185546875
2019-08-26,36.407142639160156
2019-08-27,36.41594696044922
2019-08-28,36.680145263671875
2019-08-29,37.2349739074707
2019-08-30,37.543212890625
2019-09-03,36.74179458618164
2019-09-04,38.00117111206055
2019-09-05,38.96109390258789
2019-09-06,38.49433898925781
2019-09-09,38.61764144897461
2019-09-10,38.837806701660156
2019-09-11,38.94348907470703
2019-09-12,38.8113899230957
2019-09-13,39.40144348144531
2019-09-16,39.27814483642578
2019-09-17,39.74490737915039
2019-09-18,39.66564178466797
2019-09-19,39.827083587646484
2019-09-20,38.913455963134766
2019-09-23,39.09086227416992
2019-09-24,39.13520431518555
2019-09-25,39.92466354370117
2019-09-26,41.2108268737793
2019-09-27,40.368160247802734
2019-09-30,41.22856903076172
2019-10-01,41.85835266113281
2019-10-02,41.1842155456543
2019-10-03,41.805137634277344
2019-10-04,42.062355041503906
2019-10-07,42.5324821472168
2019-10-08,42.4526481628418
2019-10-09,43.18001937866211
2019-10-10,43.401756286621094
2019-10-11,43.836402893066406
2019-10-14,44.27104568481445
2019-10-15,44.696807861328125
2019-10-16,44.466190338134766
2019-10-17,44.12911605834961
2019-10-18,43.71221923828125
2019-10-21,44.35086441040039
2019-10-22,44.91855239868164
2019-10-23,44.50166702270508
2019-10-24,45.19354248046875
2019-10-25,45.35320281982422
2019-10-28,45.51287078857422
2019-10-29,45.65479278564453
2019-10-30,46.045074462890625
2019-10-31,45.796714782714844
2019-11-01,46.213600158691406
2019-11-04,47.446563720703125
2019-11-05,47.49977111816406
2019-11-06,47.57961654663086
2019-11-07,47.60622024536133
2019-11-08,46.86112976074219
2019-11-11,46.657108306884766
2019-11-12,46.257957458496094
2019-11-13,46.90548324584961
2019-11-14,46.5506706237793
2019-11-15,47.2691535949707
2019-11-18,47.38447189331055
2019-11-19,47.68605422973633
2019-11-20,47.45542526245117
2019-11-21,46.99417495727539
2019-11-22,46.825645446777344
2019-11-25,47.68605422973633
2019-11-26,47.57074737548828
2019-11-27,47.80137252807617
2019-11-29,47.09175491333008
2019-12-02,46.99417495727539
2019-12-03,46.8167839050293
2019-12-04,47.17158126831055
2019-12-05,48.253746032714844
2019-12-06,48.73273849487305
2019-12-09,48.30696487426758
2019-12-10,48.360191345214844
2019-12-11,49.58427047729492
2019-12-12,51.98808670043945
2019-12-13,51.668766021728516
2019-12-16,51.92601013183594
2019-12-17,52.538047790527344
2019-12-18,52.422725677490234
2019-12-19,51.77068328857422
2019-12-20,51.7438850402832
2019-12-23,52.002925872802734
2019-12-24,51.5920295715332
2019-12-26,52.02972412109375
2019-12-27,52.2172966003418
2019-12-30,51.67243194580078
2019-12-31,51.895729064941406
2020-01-02,53.628562927246094
2020-01-03,51.86000061035156
2020-01-06,51.26155090332031
2020-01-07,52.09223937988281
2020-01-08,52.4763298034668
2020-01-09,52.905059814453125
2020-01-10,52.5745735168457
2020-01-13,53.64643096923828
2020-01-14,53.87866973876953
2020-01-15,52.15476608276367
2020-01-16,52.4763298034668
2020-01-17,52.32447814941406
2020-01-21,52.02077865600586
2020-01-22,52.11903381347656
2020-01-23,51.34193420410156
2020-01-24,51.56524658203125
2020-01-27,49.3590087890625
2020-01-28,50.99359130859375
2020-01-29,51.08290100097656
2020-01-30,49.841346740722656
2020-01-31,48.179962158203125
2020-02-03,48.92133331298828
2020-02-04,51.37767028808594
2020-02-05,51.73493957519531
2020-02-06,51.82427215576172
2020-02-07,50.19862365722656
2020-02-10,50.931068420410156
2020-02-11,52.39594268798828
2020-02-12,53.262351989746094
2020-02-13,52.9943733215332
2020-02-14,51.97611999511719
2020-02-18,50.18076705932617
2020-02-19,51.4848518371582
2020-02-20,50.44871520996094
2020-02-21,49.65376281738281
2020-02-24,48.34074783325195
2020-02-25,48.10850524902344
2020-02-26,49.15357208251953
2020-02-27,47.599369049072266
2020-02-28,48.09064865112305
2020-03-02,50.00212478637695
2020-03-03,49.01957702636719
2020-03-04,50.98465347290039
2020-03-05,49.7788200378418
2020-03-06,49.189292907714844
2020-03-09,46.295284271240234
2020-03-10,48.68907928466797
2020-03-11,46.661502838134766
2020-03-12,43.4905891418457
2020-03-13,46.652557373046875
2020-03-16,40.10530090332031
2020-03-17,43.356605529785156
2020-03-18,39.63190841674805
2020-03-19,39.575096130371094
2020-03-20,40.15216827392578
2020-03-23,40.81040954589844
2020-03-24,44.06550598144531
2020-03-25,44.18273162841797
2020-03-26,44.96718978881836
2020-03-27,42.29819107055664
2020-03-30,43.118736267089844
2020-03-31,43.091678619384766
2020-04-01,41.9375114440918
2020-04-02,43.39826202392578
2020-04-03,42.433441162109375
2020-04-06,45.0573616027832
2020-04-07,44.83193588256836
2020-04-08,45.327877044677734
2020-04-09,43.57858657836914
2020-04-13,43.957298278808594
2020-04-14,45.65247344970703
2020-04-15,44.777835845947266
2020-04-16,47.24846267700195
2020-04-17,48.41163635253906
2020-04-20,47.41978454589844
2020-04-21,46.31972885131836
2020-04-22,47.744388580322266
2020-04-23,47.46487808227539
2020-04-24,47.5460205078125
2020-04-27,48.24932861328125
2020-04-28,47.57307052612305
2020-04-29,49.12397003173828
2020-04-30,47.90669631958008
2020-05-01,46.07627487182617
2020-05-04,47.02303695678711
2020-05-05,46.62629699707031
2020-05-06,47.00501251220703
2020-05-07,47.18534469604492
2020-05-08,47.70832443237305
2020-05-11,47.24846267700195
2020-05-12,46.07627487182617
2020-05-13,45.913970947265625
2020-05-14,46.977962493896484
2020-05-15,44.904075622558594
2020-05-18,46.77056884765625
2020-05-19,45.81478500366211
2020-05-20,46.74351119995117
2020-05-21,45.760684967041016
2020-05-22,44.904075622558594
2020-05-26,45.823795318603516
2020-05-27,46.653350830078125
2020-05-28,45.33688735961914
2020-05-29,45.3819694519043
2020-06-01,46.013153076171875
2020-06-02,46.89680480957031
2020-06-03,47.84357452392578
2020-06-04,48.943634033203125
2020-06-05,49.773193359375
2020-06-08,50.10681915283203
2020-06-09,51.0445671081543
2020-06-10,51.89215087890625
2020-06-11,49.62892150878906
2020-06-12,50.494544982910156
2020-06-15,50.51258087158203
2020-06-16,50.31420135498047
2020-06-17,51.035552978515625
2020-06-18,51.008296966552734
2020-06-19,50.24523162841797
2020-06-22,50.87203598022461
2020-06-23,51.562442779541016
2020-06-24,51.398921966552734
2020-06-25,51.816802978515625
2020-06-26,51.17182540893555
2020-06-29,51.226318359375
2020-06-30,51.57152557373047
2020-07-01,51.61695098876953
2020-07-02,53.25212097167969
2020-07-06,56.21360397338867
2020-07-07,55.15074157714844
2020-07-08,56.858585357666016
2020-07-09,58.848045349121094
2020-07-10,58.00320816040039
2020-07-13,59.111488342285156
2020-07-14,60.82841873168945
2020-07-15,60.01082992553711
2020-07-16,60.492286682128906
2020-07-17,60.319698333740234
2020-07-20,60.76482391357422
2020-07-21,61.6005859375
2020-07-22,62.25465393066406
2020-07-23,61.20087432861328
2020-07-24,67.13292694091797
2020-07-27,75.62673950195312
2020-07-28,69.87637329101562
2020-07-29,75.09984588623047
2020-07-30,72.61076354980469
2020-07-31,71.66597747802734
2020-08-03,71.72048950195312
2020-08-04,72.84693908691406
2020-08-05,74.15509033203125
2020-08-06,73.14672088623047
2020-08-07,72.70159149169922
2020-08-10,72.55625915527344
2020-08-11,70.802978515625
2020-08-12,72.12018585205078
2020-08-13,71.12999725341797
2020-08-14,71.22994995117188
2020-08-17,72.84693908691406
2020-08-18,72.13836669921875
2020-08-19,71.34803009033203
2020-08-20,69.77642059326172
2020-08-21,71.16632843017578
2020-08-24,71.67506408691406
2020-08-25,72.71068572998047
2020-08-26,74.26408386230469
2020-08-27,73.21939086914062
2020-08-28,73.07404327392578
2020-08-31,71.9930191040039
2020-09-01,74.0824203491211
2020-09-02,74.6456298828125
2020-09-03,73.74629974365234
2020-09-04,71.68415069580078
2020-09-08,70.23974609375
2020-09-09,72.12928771972656
2020-09-10,71.67506408691406
2020-09-11,71.60240173339844
2020-09-14,73.12855529785156
2020-09-15,77.98863983154297
2020-09-16,75.51773071289062
2020-09-17,74.79362487792969
2020-09-18,73.25956726074219
2020-09-21,73.5882797241211
2020-09-22,73.48785400390625
2020-09-23,71.1502685546875
2020-09-24,71.57028198242188
2020-09-25,72.02687072753906
2020-09-28,72.83953094482422
2020-09-29,73.51525115966797
2020-09-30,74.02660369873047
2020-10-01,75.44193267822266
2020-10-02,73.78008270263672
2020-10-05,77.19512939453125
2020-10-06,75.89849090576172
2020-10-07,79.36833953857422
2020-10-08,80.17189025878906
2020-10-09,81.0667495727539
2020-10-12,83.01168823242188
2020-10-13,81.85204315185547
2020-10-14,80.90238952636719
2020-10-15,80.49150848388672
2020-10-16,79.16747283935547
2020-10-19,79.9527359008789
2020-10-20,80.5919418334961
2020-10-21,80.02579498291016
2020-10-22,80.54627990722656
2020-10-23,80.63758087158203
2020-10-26,79.19486999511719
2020-10-27,79.17659759521484
2020-10-28,76.56507873535156
2020-10-29,77.51471710205078
2020-10-30,76.58333587646484
2020-11-02,78.26347351074219
2020-11-03,80.07146453857422
2020-11-04,81.67855072021484
2020-11-05,82.57341003417969
2020-11-06,83.46825408935547
2020-11-09,81.2950439453125
2020-11-10,80.04408264160156
2020-11-11,82.98429870605469
2020-11-12,82.01638793945312
2020-11-13,85.12098693847656
2020-11-16,90.64537811279297
2020-11-17,87.3946533203125
2020-11-18,88.5086669921875
2020-11-19,88.21647644042969
2020-11-20,87.04767608642578
2020-11-23,89.60442352294922
2020-11-24,88.24386596679688
2020-11-25,89.02001190185547
2020-11-27,90.16141510009766
2020-11-30,88.59085083007812
2020-12-01,92.09721374511719
2020-12-02,90.89192199707031
2020-12-03,90.85540771484375
2020-12-04,94.7178955078125
2020-12-07,97.14679718017578
2020-12-08,96.46194458007812
2020-12-09,95.34794616699219
2020-12-10,95.17443084716797
2020-12-11,94.9918212890625
2020-12-14,94.56265258789062
2020-12-15,95.95973205566406
2020-12-16,96.06017303466797
2020-12-17,95.2734146118164
2020-12-18,95.62185668945312
2020-12-21,96.12619018554688
2020-12-22,95.31008911132812
2020-12-23,95.14501953125
2020-12-24,97.17153930664062
2020-12-28,97.33660125732422
2020-12-29,96.79557037353516
2020-12-30,99.85826110839844
2020-12-31,99.98665618896484
2021-01-04,102.4258041381836
2021-01-05,103.40697479248047
2021-01-06,106.01114654541016
2021-01-07,111.3479232788086
2021-01-08,108.83541870117188
2021-01-11,112.42078399658203
2021-01-12,112.7875747680664
2021-01-13,109.3305892944336
2021-01-14,115.95114135742188
2021-01-15,114.8324203491211
2021-01-19,120.39842987060547
2021-01-20,119.79324340820312
2021-01-21,123.02099609375
2021-01-22,118.41777801513672
2021-01-25,119.6832046508789
2021-01-26,116.13452911376953
2021-01-27,111.63218688964844
2021-01-28,115.38261413574219
2021-01-29,111.43045806884766
2021-02-01,116.1436996459961
2021-02-02,117.77589416503906
2021-02-03,116.91397094726562
2021-02-04,117.50997161865234
2021-02-05,117.17070007324219
2021-02-08,121.544677734375
2021-02-09,121.66387939453125
2021-02-10,122.59002685546875
2021-02-11,127.60588836669922
2021-02-12,126.59721374511719
2021-02-16,128.42196655273438
2021-02-17,124.95580291748047
2021-02-18,123.45197296142578
2021-02-19,125.31340789794922
2021-02-22,122.47998809814453
2021-02-23,118.38111877441406
2021-02-24,121.31541442871094
2021-02-25,115.53848266601562
2021-02-26,115.48347473144531
2021-03-01,118.40860748291016
2021-03-02,115.53848266601562
2021-03-03,112.68669891357422
2021-03-04,105.99283599853516
2021-03-05,110.77023315429688
2021-03-08,104.47064971923828
2021-03-09,106.71721649169922
2021-03-10,104.37893676757812
2021-03-11,110.5685043334961
2021-03-12,108.47782135009766
2021-03-15,109.19306945800781
2021-03-16,109.44061279296875
2021-03-17,109.30992889404297
2021-03-18,105.38890075683594
2021-03-19,104.588134765625
2021-03-22,107.85565185546875
2021-03-23,105.74787139892578
2021-03-24,100.28974914550781
2021-03-25,101.66118621826172
2021-03-26,107.28497314453125
2021-03-29,105.28765106201172
2021-03-30,105.9135513305664
2021-03-31,108.86812591552734
2021-04-01,114.86929321289062
2021-04-05,114.59317779541016
2021-04-06,112.69710540771484
2021-04-07,110.35001373291016
2021-04-08,113.60832214355469
2021-04-09,113.0284652709961
2021-04-12,111.27964782714844
2021-04-13,111.62020111083984
2021-04-14,111.22441864013672
2021-04-15,108.93255615234375
2021-04-16,109.38356018066406
2021-04-19,106.21728515625
2021-04-20,105.8031005859375
2021-04-21,108.05815124511719
2021-04-22,106.14364624023438
2021-04-23,109.19947814941406
2021-04-26,111.85031127929688
2021-04-27,111.62020111083984
2021-04-28,110.13831329345703
2021-04-29,109.62287902832031
2021-04-30,107.45066833496094
2021-05-03,106.71431732177734
2021-05-04,106.18048858642578
2021-05-05,106.1988754272461
2021-05-06,107.6899642944336
2021-05-07,107.53352355957031
2021-05-10,103.37318420410156
2021-05-11,103.87018585205078
2021-05-12,99.59941864013672
2021-05-13,100.09646606445312
2021-05-14,103.51124572753906
2021-05-17,101.06291198730469
2021-05-18,102.0201187133789
2021-05-19,103.45601654052734
2021-05-20,104.26599884033203
2021-05-21,102.94979095458984
2021-05-24,104.588134765625
2021-05-25,105.1864013671875
2021-05-26,106.76954650878906
2021-05-27,106.55783081054688
2021-05-28,108.0213394165039
2021-06-01,109.079833984375
2021-06-02,109.48478698730469
2021-06-03,107.5242919921875
2021-06-04,110.00025939941406
2021-06-07,108.81288146972656
2021-06-08,106.69591522216797
2021-06-09,107.80963897705078
2021-06-10,108.831298828125
2021-06-11,108.84052276611328
2021-06-14,111.36248779296875
2021-06-15,109.94501495361328
2021-06-16,108.62879943847656
2021-06-17,110.0618667602539
2021-06-18,106.98509979248047
2021-06-21,105.4605712890625
2021-06-22,105.6361083984375
2021-06-23,107.22532653808594
2021-06-24,108.3248291015625
2021-06-25,107.6688232421875
2021-06-28,110.51461029052734
2021-06-29,111.08745574951172
2021-06-30,111.02281188964844
2021-07-01,109.41509246826172
2021-07-02,109.86784362792969
2021-07-06,110.92115783691406
2021-07-07,109.2580337524414
2021-07-08,108.90694427490234
2021-07-09,111.39237213134766
2021-07-12,113.3049545288086
2021-07-13,114.47838592529297
2021-07-14,114.93114471435547
2021-07-15,108.59278106689453
2021-07-16,106.93887329101562
2021-07-19,106.57854461669922
2021-07-20,107.5487060546875
2021-07-21,108.90694427490234
2021-07-22,107.69652557373047
2021-07-23,107.9090576171875
2021-07-26,106.85572052001953
2021-07-27,104.90618896484375
2021-07-28,106.31983947753906
2021-07-29,107.3177261352539
2021-07-30,107.77045440673828
2021-08-02,107.97371673583984
2021-08-03,109.40584564208984
2021-08-04,109.71076965332031
2021-08-05,110.15428924560547
2021-08-06,109.2210693359375
2021-08-09,109.23030090332031
2021-08-10,107.51174926757812
2021-08-11,107.16988372802734
2021-08-12,106.90193939208984
2021-08-13,106.7171630859375
2021-08-16,105.91329956054688
2021-08-17,102.66098022460938
2021-08-18,102.05115509033203
2021-08-19,102.1158447265625
2021-08-20,99.8983383178711
2021-08-23,102.52239227294922
2021-08-24,103.58492279052734
2021-08-25,108.13079833984375
2021-08-26,109.11943817138672
2021-08-27,109.47977447509766
2021-08-30,109.94175720214844
2021-08-31,109.96024322509766
2021-09-01,111.29997253417969
2021-09-02,111.6048812866211
2021-09-03,114.54306030273438
2021-09-07,115.2175521850586
2021-09-08,112.6212387084961
2021-09-09,113.35115814208984
2021-09-10,113.61911010742188
2021-09-13,114.21968841552734
2021-09-14,113.72997283935547
2021-09-15,112.26091003417969
2021-09-16,112.06327819824219
2021-09-17,109.24291229248047
2021-09-20,106.41326141357422
2021-09-21,106.65447998046875
2021-09-22,107.49874877929688
2021-09-23,107.79562377929688
2021-09-24,107.28535461425781
2021-09-27,107.75850677490234
2021-09-28,103.8155746459961
2021-09-29,103.55579376220703
2021-09-30,103.58363342285156
2021-10-01,103.5001220703125
2021-10-04,101.14362335205078
2021-10-05,101.36629486083984
2021-10-06,101.44051361083984
2021-10-07,102.82286834716797
2021-10-08,102.08992767333984
2021-10-11,102.29405212402344
2021-10-12,101.31062316894531
2021-10-13,102.0342788696289
2021-10-14,104.42788696289062
2021-10-15,106.56172180175781
2021-10-18,107.00701904296875
2021-10-19,108.50997924804688
2021-10-20,107.23897552490234
2021-10-21,107.8884048461914
2021-10-22,105.97723388671875
2021-10-25,105.42984771728516
2021-10-26,105.93083190917969
2021-10-27,105.53189849853516
2021-10-28,107.62861633300781
2021-10-29,105.48551177978516
2021-11-01,105.87517547607422
2021-11-02,105.86589813232422
2021-11-03,105.77312469482422
2021-11-04,109.28002166748047
2021-11-05,109.28929901123047
2021-11-08,112.17461395263672
2021-11-09,112.98175811767578
2021-11-10,109.66041564941406
2021-11-11,109.65111541748047
2021-11-12,110.114990234375
2021-11-15,109.58616638183594
2021-11-16,109.549072265625
2021-11-17,110.45825958251953
2021-11-18,114.47542572021484
2021-11-19,115.2825927734375
2021-11-22,115.73717498779297
2021-11-23,112.59210205078125
2021-11-24,111.98905181884766
2021-11-26,108.63058471679688
2021-11-29,110.6623764038086
2021-11-30,108.68627166748047
2021-12-01,111.91485595703125
2021-12-02,112.90753936767578
2021-12-03,110.70877838134766
2021-12-06,110.53248596191406
2021-12-07,113.48274230957031
2021-12-08,113.00031280517578
2021-12-09,110.86648559570312
2021-12-10,110.52323150634766
2021-12-13,108.0090103149414
2021-12-14,107.8884048461914
2021-12-15,111.70145416259766
2021-12-16,108.59552001953125
2021-12-17,108.36264038085938
2021-12-20,107.07704162597656
2021-12-21,109.40602111816406
2021-12-22,113.00196838378906
2021-12-23,112.42436981201172
2021-12-27,114.30619049072266
2021-12-28,113.70996856689453
2021-12-29,113.10443115234375
2021-12-30,112.18214416503906
2021-12-31,112.07967376708984
2022-01-03,119.9888916015625
2022-01-04,124.27423095703125
2022-01-05,118.36790466308594
2022-01-06,119.68145751953125
2022-01-07,115.05145263671875
2022-01-10,116.45817565917969
2022-01-11,120.33357238769531
2022-01-12,123.18424224853516
2022-01-13,129.6681365966797
2022-01-14,131.0375213623047
2022-01-18,124.6747817993164
2022-01-19,122.0477066040039
2022-01-20,119.55104064941406
2022-01-21,116.010986328125
2022-01-24,117.3431625366211
2022-01-25,114.10124969482422
2022-01-26,114.66019439697266
2022-01-27,108.41852569580078
2022-01-28,109.56437683105469
2022-01-31,114.24097442626953
2022-02-01,114.6322250366211
2022-02-02,115.65697479248047
2022-02-03,111.64183807373047
2022-02-04,112.74110412597656
2022-02-07,113.94286346435547
2022-02-08,115.24707794189453
2022-02-09,116.93325805664062
2022-02-10,116.17868041992188
2022-02-11,112.73180389404297
2022-02-14,111.5766372680664
2022-02-15,116.00167846679688
2022-02-16,115.14460754394531
2022-02-17,111.56732177734375
2022-02-18,111.14810180664062
2022-02-22,108.91226196289062
2022-02-23,107.97135925292969
2022-02-24,104.22637176513672
2022-02-25,103.62083435058594
2022-02-28,99.68952178955078
2022-03-01,100.65837860107422
2022-03-02,102.11166381835938
2022-03-03,101.34777069091797
2022-03-04,97.8729248046875
2022-03-07,92.49762725830078
2022-03-08,93.1590576171875
2022-03-09,97.77043914794922
2022-03-10,96.84818267822266
2022-03-11,94.47260284423828
2022-03-14,92.5069808959961
2022-03-15,95.10609436035156
2022-03-16,98.9346694946289
2022-03-17,99.68354797363281
2022-03-18,99.89885711669922
2022-03-21,100.08606719970703
2022-03-22,100.19839477539062
2022-03-23,98.61640930175781
2022-03-24,101.02214050292969
2022-03-25,99.90821075439453
2022-03-28,99.53376007080078
2022-03-29,102.26712799072266
2022-03-30,99.90821075439453
2022-03-31,97.59607696533203
2022-04-01,96.22003936767578
2022-04-04,98.09220123291016
2022-04-05,95.94857788085938
2022-04-06,94.71293640136719
2022-04-07,94.0951156616211
2022-04-08,92.94373321533203
2022-04-11,91.33367919921875
2022-04-12,91.21198272705078
2022-04-13,95.0124740600586
2022-04-14,92.07318878173828
2022-04-18,92.45698547363281
2022-04-19,93.09351348876953
2022-04-20,92.681640625
2022-04-21,91.41793060302734
2022-04-22,89.56449127197266
2022-04-25,90.08868408203125
2022-04-26,86.8404769897461
2022-04-27,84.49091339111328
2022-04-28,89.1338882446289
2022-04-29,86.99024200439453
2022-05-02,87.76720428466797
2022-05-03,87.64549255371094
2022-05-04,89.85466766357422
2022-05-05,86.26011657714844
2022-05-06,85.77333068847656
2022-05-09,81.72010803222656
2022-05-10,83.14295196533203
2022-05-11,82.21623229980469
2022-05-12,82.08516693115234
2022-05-13,85.14616394042969
2022-05-16,84.6313247680664
2022-05-17,87.35530853271484
2022-05-18,84.7436294555664
2022-05-19,84.444091796875
2022-05-20,84.9776611328125
2022-05-23,85.65166473388672
2022-05-24,83.0493392944336
2022-05-25,84.6313247680664
2022-05-26,85.18360900878906
2022-05-27,87.77657318115234
2022-05-31,89.20877075195312
2022-06-01,88.69391632080078
2022-06-02,90.18228912353516
2022-06-03,87.77657318115234
2022-06-06,87.15874481201172
2022-06-07,87.84209442138672
2022-06-08,87.4957275390625
2022-06-09,85.043212890625
2022-06-10,83.01189422607422
2022-06-13,80.08196258544922
2022-06-14,81.61713409423828
2022-06-15,83.4331283569336
2022-06-16,79.53450012207031
2022-06-17,79.98619079589844
2022-06-21,81.82118225097656
2022-06-22,79.9014892578125
2022-06-23,79.1581039428711
2022-06-24,80.85193634033203
2022-06-27,80.79547882080078
2022-06-28,79.36514282226562
2022-06-29,78.71582794189453
2022-06-30,76.92790222167969
2022-07-01,72.45808410644531
2022-07-05,71.6205825805664
2022-07-06,71.10302734375
2022-07-07,75.89278411865234
2022-07-08,76.70206451416016
2022-07-11,74.44363403320312
2022-07-12,74.43421936035156
2022-07-13,76.49503326416016
2022-07-14,78.73464965820312
2022-07-15,80.57904052734375
2022-07-18,78.64996337890625
2022-07-19,81.068359375
2022-07-20,81.45417022705078
2022-07-21,82.61163330078125
2022-07-22,81.22833251953125
2022-07-25,81.20952606201172
2022-07-26,79.4404067993164
2022-07-27,82.4610595703125
2022-07-28,83.38324737548828
2022-07-29,83.26092529296875
2022-08-01,81.21893310546875
2022-08-02,80.9742660522461
2022-08-03,81.4071273803711
2022-08-04,83.20446014404297
2022-08-05,84.4748306274414
2022-08-08,82.75277709960938
2022-08-09,80.1838150024414
2022-08-10,83.43972778320312
2022-08-11,84.23959350585938
2022-08-12,85.50054168701172
2022-08-15,86.16867065429688
2022-08-16,84.64421844482422
2022-08-17,83.9384536743164
2022-08-18,84.00431823730469
2022-08-19,82.0564193725586
2022-08-22,80.2120361328125
2022-08-23,80.9554443359375
2022-08-24,80.51317596435547
2022-08-25,82.40461730957031
2022-08-26,79.74154663085938
2022-08-29,77.9630126953125
2022-08-30,77.90655517578125
2022-08-31,78.43351745605469
2022-09-01,76.82439422607422
2022-09-02,76.1280517578125
2022-09-06,75.30935668945312
2022-09-07,75.23406982421875
2022-09-08,75.5069808959961
2022-09-09,76.72087860107422
2022-09-12,77.30431365966797
2022-09-13,74.16132354736328
2022-09-14,74.961181640625
2022-09-15,73.79529571533203
2022-09-16,73.71014404296875
2022-09-19,74.03189849853516
2022-09-20,73.95618438720703
2022-09-21,73.0003662109375
2022-09-22,71.57140350341797
2022-09-23,69.90586853027344
2022-09-26,69.09201049804688
2022-09-27,69.11091613769531
2022-09-28,68.25923156738281
2022-09-29,65.56216430664062
2022-09-30,64.88081359863281
2022-10-03,65.53376770019531
2022-10-04,68.9027328491211
2022-10-05,70.48312377929688
2022-10-06,70.36009979248047
2022-10-07,66.00695037841797
2022-10-10,63.8209228515625
2022-10-11,60.04502868652344
2022-10-12,60.66960525512695
2022-10-13,63.04490280151367
2022-10-14,60.48980712890625
2022-10-17,61.40774917602539
2022-10-18,60.29107666015625
2022-10-19,60.24375534057617
2022-10-20,60.16805648803711
2022-10-21,60.32892990112305
2022-10-24,58.00094223022461
2022-10-25,57.858985900878906
2022-10-26,57.57508850097656
2022-10-27,57.679195404052734
2022-10-28,58.68230438232422
2022-10-31,58.246986389160156
2022-11-01,58.275386810302734
2022-11-02,57.27226638793945
2022-11-03,57.045143127441406
2022-11-04,59.12708282470703
2022-11-07,59.39205551147461
2022-11-08,61.53077697753906
2022-11-09,61.51185607910156
2022-11-10,67.03845977783203
2022-11-11,69.86800384521484
2022-11-14,68.89328002929688
2022-11-15,76.14220428466797
2022-11-16,75.1864013671875
2022-11-17,77.10746765136719
2022-11-18,77.85508728027344
2022-11-21,75.64063262939453
2022-11-22,78.110595703125
2022-11-23,77.5711669921875
2022-11-25,77.03177642822266
2022-11-28,74.96875
2022-11-29,75.07283782958984
2022-11-30,78.5270004272461
2022-12-01,78.24308013916016
2022-12-02,77.12640380859375
2022-12-05,77.23995208740234
2022-12-06,75.29051208496094
2022-12-07,74.9876708984375
2022-12-08,76.4639663696289
2022-12-09,76.35987091064453
2022-12-12,76.11383056640625
2022-12-13,76.18952941894531
2022-12-14,75.7258071899414
2022-12-15,73.86144256591797
2022-12-16,72.6147232055664
2022-12-19,72.42437744140625
2022-12-20,71.9675521850586
2022-12-21,73.41413879394531
2022-12-22,71.64398193359375
2022-12-23,71.27281188964844
2022-12-27,70.7303466796875
2022-12-28,69.53120422363281
2022-12-29,72.32920837402344
2022-12-30,70.89212799072266
2023-01-03,70.45435333251953
2023-01-04,72.63375091552734
2023-01-05,72.072265625
2023-01-06,74.29922485351562
2023-01-09,76.43102264404297
2023-01-10,77.34467315673828
2023-01-11,77.83002471923828
2023-01-12,82.79791259765625
2023-01-13,82.60758209228516
2023-01-17,84.6917953491211
2023-01-18,85.14861297607422
2023-01-19,84.13029479980469
2023-01-20,86.63326263427734
2023-01-23,91.03964233398438
2023-01-24,89.99275207519531
2023-01-25,87.94660949707031
2023-01-26,88.93636322021484
2023-01-27,88.79363250732422
2023-01-30,88.63182067871094
2023-01-31,88.25114440917969
2023-02-01,90.16405487060547
2023-02-02,91.98181915283203
2023-02-03,90.08792877197266
2023-02-06,87.39461517333984
2023-02-07,89.9832534790039
2023-02-08,89.72628021240234
2023-02-09,92.01988220214844
2023-02-10,90.7636489868164
2023-02-13,91.4678955078125
2023-02-14,93.22854614257812
2023-02-15,88.27970123291016
2023-02-16,86.43339538574219
2023-02-17,85.74818420410156
2023-02-21,83.40699005126953
2023-02-22,82.63612365722656
2023-02-23,85.7291488647461
2023-02-24,83.85427856445312
2023-02-27,83.08342742919922
2023-02-28,82.86451721191406
2023-03-01,84.14932250976562
2023-03-02,84.72985076904297
2023-03-03,85.45315551757812
2023-03-06,85.2532958984375
2023-03-07,84.55856323242188
2023-03-08,86.44292449951172
2023-03-09,84.58710479736328
2023-03-10,83.03582763671875
2023-03-13,83.50215911865234
2023-03-14,84.977294921875
2023-03-15,82.51238250732422
2023-03-16,85.42924499511719
2023-03-17,85.59185791015625
2023-03-20,86.13716125488281
2023-03-21,88.49052429199219
2023-03-22,88.6053237915039
2023-03-23,90.48992919921875
2023-03-24,88.76795196533203
2023-03-27,86.73027801513672
2023-03-28,86.873779296875
2023-03-29,88.73926544189453
2023-03-30,88.46184539794922
2023-03-31,88.98797607421875
2023-04-03,88.81578826904297
2023-04-04,88.17481994628906
2023-04-05,86.29022216796875
2023-04-06,86.32848358154297
2023-04-10,85.16136169433594
2023-04-11,85.37183380126953
2023-04-12,83.10456085205078
2023-04-13,83.27676391601562
2023-04-14,83.42024993896484
2023-04-17,84.176025390625
2023-04-18,84.31951141357422
2023-04-19,83.448974609375
2023-04-20,85.419677734375
2023-04-21,81.6695785522461
2023-04-24,80.97122192382812
2023-04-25,78.72308349609375
2023-04-26,78.684814453125
2023-04-27,80.04327392578125
2023-04-28,80.64596557617188
2023-05-01,80.33982849121094
2023-05-02,79.36404418945312
2023-05-03,79.11529541015625
2023-05-04,79.87106323242188
2023-05-05,81.28692626953125
2023-05-08,81.83220672607422
2023-05-09,81.37301635742188
2023-05-10,81.21995544433594
2023-05-11,79.81366729736328
2023-05-12,79.81366729736328
2023-05-15,81.94701385498047
2023-05-16,82.157470703125
2023-05-17,86.94075012207031
2023-05-18,88.63402557373047
2023-05-19,88.56705474853516
2023-05-22,87.74432373046875
2023-05-23,86.51982879638672
2023-05-24,86.22325134277344
2023-05-25,96.5742416381836
2023-05-26,98.73628997802734
2023-05-30,97.55960083007812
2023-05-31,94.31655883789062
2023-06-01,94.55571746826172
2023-06-02,94.65138244628906
2023-06-05,93.79995727539062
2023-06-06,95.49323272705078
2023-06-07,95.94286346435547
2023-06-08,95.60804748535156
2023-06-09,98.34406280517578
2023-06-12,102.4194107055664
2023-06-13,102.17069244384766
2023-06-14,102.75424194335938
2023-06-15,101.04234313964844
2023-06-16,100.45633697509766
2023-06-20,99.88955688476562
2023-06-21,97.6416015625
2023-06-22,99.07298278808594
2023-06-23,97.90098571777344
2023-06-26,96.17180633544922
2023-06-27,98.06427764892578
2023-06-28,96.9499282836914
2023-06-29,96.68093872070312
2023-06-30,96.9499282836914
2023-07-03,99.09219360351562
2023-07-05,97.01717376708984
2023-07-06,95.49933624267578
2023-07-07,96.28707885742188
2023-07-10,95.84516143798828
2023-07-11,97.27656555175781
2023-07-12,99.81271362304688
2023-07-13,101.41700744628906
2023-07-14,101.00392150878906
2023-07-17,100.6677017211914
2023-07-18,99.09219360351562
2023-07-19,99.0057373046875
2023-07-20,94.01030731201172
2023-07-21,93.42430114746094
2023-07-24,94.38496398925781
2023-07-25,96.37352752685547
2023-07-26,95.49933624267578
2023-07-27,95.44170379638672
2023-07-28,96.89228057861328
2023-07-31,95.24956512451172
2023-08-01,94.52906799316406
2023-08-02,91.9352798461914
2023-08-03,91.24359893798828
2023-08-04,92.37718963623047
2023-08-07,92.55970001220703
2023-08-08,90.77288055419922
2023-08-09,90.28292846679688
2023-08-10,91.07069396972656
2023-08-11,88.37122344970703
2023-08-14,89.40873718261719
2023-08-15,88.07341766357422
2023-08-16,88.16948699951172
2023-08-17,88.03498840332031
2023-08-18,87.5162353515625
2023-08-21,88.9188003540039
2023-08-22,88.61139678955078
2023-08-23,90.51348876953125
2023-08-24,88.8899917602539
2023-08-25,89.43754577636719
2023-08-28,90.3021469116211
2023-08-29,91.33966827392578
2023-08-30,91.05147552490234
2023-08-31,89.88907623291016
2023-09-01,89.5240249633789
2023-09-05,90.87855529785156
2023-09-06,88.63060760498047
2023-09-07,86.5075454711914
2023-09-08,86.11367797851562
2023-09-11,86.07524871826172
2023-09-12,86.9206314086914
2023-09-13,87.63151550292969
2023-09-14,88.3277359008789
2023-09-15,86.18401336669922
2023-09-18,85.77843475341797
2023-09-19,85.14110565185547
2023-09-20,84.29133605957031
2023-09-21,82.42764282226562
2023-09-22,82.6980209350586
2023-09-25,83.27740478515625
2023-09-26,81.3943862915039
2023-09-27,82.50489044189453
2023-09-28,83.44158172607422
2023-09-29,83.91474151611328
2023-10-02,84.63896942138672
2023-10-03,82.47592163085938
2023-10-04,83.69263458251953
2023-10-05,84.04027557373047
2023-10-06,86.22264099121094
2023-10-09,85.93294525146484
2023-10-10,87.4972915649414
2023-10-11,88.83954620361328
2023-10-12,89.24510192871094
2023-10-13,87.35243225097656
2023-10-16,88.08634185791016
2023-10-17,87.87388610839844
2023-10-18,86.52198028564453
2023-10-19,89.7182846069336
2023-10-20,88.1732406616211
2023-10-23,87.9801254272461
2023-10-24,88.49189758300781
2023-10-25,84.62931060791016
2023-10-26,84.44583129882812
2023-10-27,83.03599548339844
2023-10-30,83.10359954833984
2023-10-31,83.34500885009766
2023-11-01,84.78382110595703
2023-11-02,87.37175750732422
2023-11-03,88.63674926757812
2023-11-06,89.4189224243164
2023-11-07,89.23546600341797
2023-11-08,88.83954620361328
2023-11-09,88.47259521484375
2023-11-10,94.09265899658203
2023-11-13,93.10769653320312
2023-11-14,95.51216125488281
2023-11-15,95.40593719482422
2023-11-16,95.15486907958984
2023-11-17,96.15914154052734
2023-11-20,96.52609252929688
2023-11-21,95.02933502197266
2023-11-22,95.26109313964844
2023-11-24,94.4692611694336
2023-11-27,93.87055969238281
2023-11-28,94.6141128540039
2023-11-29,95.4831771850586
2023-11-30,93.96711730957031
2023-12-01,95.1645278930664
2023-12-04,93.67742919921875
2023-12-05,93.3684310913086
2023-12-06,94.48857116699219
2023-12-07,95.87910461425781
2023-12-08,96.90269470214844
2023-12-11,97.48208618164062
2023-12-12,98.1097412109375
2023-12-13,98.61189270019531
2023-12-14,100.36697387695312
2023-12-15,99.4841079711914
2023-12-18,99.86248016357422
2023-12-19,100.77447509765625
2023-12-20,97.05860900878906
2023-12-21,99.49380493164062
2023-12-22,100.07591247558594
2023-12-26,101.33717346191406
2023-12-27,101.53121185302734
2023-12-28,101.57971954345703
2023-12-29,100.90058135986328
2024-01-02,98.50420379638672
2024-01-03,97.18472290039062
2024-01-04,96.17572021484375
2024-01-05,96.64141082763672
2024-01-08,99.19302368164062
2024-01-09,98.85346221923828
2024-01-10,97.79595184326172
2024-01-11,98.20344543457031
2024-01-12,98.22284698486328
2024-01-16,98.64002990722656
2024-01-17,99.88188171386719
2024-01-18,109.66148376464844
2024-01-19,110.7966079711914
2024-01-22,109.66148376464844
2024-01-23,110.72869873046875
2024-01-24,113.04745483398438
2024-01-25,113.08626556396484
2024-01-26,113.76541137695312
2024-01-29,113.4937515258789
2024-01-30,112.60118103027344
2024-01-31,109.59355926513672
2024-02-01,110.0107421875
2024-02-02,112.3004150390625
2024-02-05,115.24981689453125
2024-02-06,115.82222747802734
2024-02-07,121.25532531738281
2024-02-08,129.7445526123047
2024-02-09,129.14303588867188
2024-02-12,126.57202911376953
2024-02-13,123.74874877929688
2024-02-14,125.41749572753906
2024-02-15,125.18464660644531
2024-02-16,122.91436767578125
2024-02-20,121.59490966796875
2024-02-21,121.60459899902344
2024-02-22,125.22345733642578
2024-02-23,125.66972351074219
2024-02-26,126.74665069580078
2024-02-27,124.75775909423828
2024-02-28,123.58380889892578
2024-02-29,124.83535766601562
2024-03-01,129.90951538085938
2024-03-04,134.1395721435547
2024-03-05,130.9475860595703
2024-03-06,137.3509063720703
2024-03-07,144.75352478027344
2024-03-08,142.00784301757812
2024-03-11,134.87692260742188
2024-03-12,140.09658813476562
2024-03-13,137.90394592285156
2024-03-14,135.4590301513672
2024-03-15,132.897705078125
2024-03-18,133.10617065429688
2024-03-19,131.3819580078125
2024-03-20,133.2133331298828
2024-03-21,135.843505859375
2024-03-22,136.90533447265625
2024-03-25,136.60333251953125
2024-03-26,135.24928283691406
2024-03-27,133.15489196777344
2024-03-28,132.5314483642578
2024-04-01,137.8307647705078
2024-04-02,136.59359741210938
2024-04-03,138.32757568359375
2024-04-04,136.04808044433594
2024-04-05,137.70413208007812
2024-04-08,139.0971221923828
2024-04-09,141.63963317871094
2024-04-10,142.4384307861328
2024-04-11,143.39306640625
2024-04-12,138.83412170410156
2024-04-15,136.51564025878906
2024-04-16,136.18447875976562
2024-04-17,135.43438720703125
2024-04-18,128.84921264648438
2024-04-19,124.39738464355469
2024-04-22,126.3943862915039
2024-04-23,129.97921752929688
2024-04-24,129.53109741210938
2024-04-25,133.0477294921875
2024-04-26,134.7232666015625
2024-04-29,134.91806030273438
2024-04-30,133.78807067871094
2024-05-01,131.4501495361328
2024-05-02,132.706787109375
2024-05-03,137.89894104003906
2024-05-06,139.13609313964844
2024-05-07,137.46060180664062
2024-05-08,139.8861846923828
2024-05-09,139.0971221923828
2024-05-10,145.3997802734375
2024-05-13,142.6234893798828
2024-05-14,148.02023315429688
2024-05-15,151.5563507080078
2024-05-16,148.29298400878906
2024-05-17,147.75721740722656
2024-05-20,149.578857421875
2024-05-21,149.6957550048828
2024-05-22,152.1116180419922
2024-05-23,153.0272979736328
2024-05-24,155.862060546875
2024-05-28,155.2873077392578
2024-05-29,150.34840393066406
2024-05-30,149.00411987304688
2024-05-31,147.13377380371094
2024-06-03,150.94261169433594
2024-06-04,148.5267791748047
2024-06-05,158.70652770996094
2024-06-06,157.87852478027344
2024-06-07,160.13851928710938
2024-06-10,163.81101989746094
2024-06-11,161.4243621826172
2024-06-12,168.50636291503906
2024-06-13,168.9695281982422
2024-06-14,168.57867431640625
2024-06-17,173.20086669921875
2024-06-18,175.59503173828125
2024-06-20,171.38327026367188
2024-06-21,169.99562072753906
2024-06-24,163.98577880859375
2024-06-25,168.66661071777344
2024-06-26,168.14869689941406
2024-06-27,167.71873474121094
2024-06-28,169.84902954101562
2024-07-01,168.4027557373047
2024-07-02,171.69595336914062
2024-07-03,178.33123779296875
2024-07-05,179.79705810546875
2024-07-08,182.37689208984375
2024-07-09,180.31497192382812
2024-07-10,186.69613647460938
2024-07-11,180.29541015625
2024-07-12,183.08047485351562
2024-07-15,180.99900817871094
2024-07-16,181.80030822753906
2024-07-17,167.2985382080078
2024-07-18,167.9532470703125
2024-07-19,161.99227905273438
2024-07-22,165.49069213867188
2024-07-23,165.94996643066406
2024-07-24,156.15829467773438
2024-07-25,156.6273651123047
2024-07-26,158.24957275390625
2024-07-29,156.363525390625
2024-07-30,151.01815795898438
2024-07-31,162.02157592773438
2024-08-01,154.57522583007812
2024-08-02,146.44482421875
2024-08-05,144.57833862304688
2024-08-06,151.8488006591797
2024-08-07,151.5067901611328
2024-08-08,160.800048828125
2024-08-09,163.31149291992188
2024-08-12,163.8098907470703
2024-08-13,168.41250610351562
2024-08-14,166.0965118408203
2024-08-15,169.99562072753906
2024-08-16,170.56240844726562
2024-08-19,171.45166015625
2024-08-20,168.11935424804688
2024-08-21,167.53305053710938
2024-08-22,162.64697265625
2024-08-23,167.37669372558594
2024-08-26,165.217041015625
2024-08-27,166.66334533691406
2024-08-28,165.34410095214844
2024-08-29,165.29522705078125
2024-08-30,167.787109375
2024-09-03,156.8325958251953
2024-09-04,157.20391845703125
2024-09-05,159.9694366455078
2024-09-06,153.24623107910156
2024-09-09,159.07040405273438
2024-09-10,158.72837829589844
2024-09-11,166.3506317138672
2024-09-12,168.14157104492188
2024-09-13,169.19105529785156
2024-09-16,165.836669921875
2024-09-17,164.13986206054688
2024-09-18,164.0712127685547
2024-09-19,172.83970642089844
2024-09-20,170.74075317382812
2024-09-23,171.40771484375
2024-09-24,178.47943115234375
2024-09-25,178.85214233398438
2024-09-26,183.2462158203125
2024-09-27,174.55613708496094
2024-09-30,170.33860778808594
2024-10-01,168.7693328857422
2024-10-02,172.42776489257812
2024-10-03,176.03717041015625
2024-10-04,177.68496704101562
2024-10-07,180.97068786621094
2024-10-08,182.4811553955078
2024-10-09,183.5502471923828
2024-10-10,182.21632385253906
2024-10-11,187.1498565673828
2024-10-14,188.5229949951172
2024-10-15,183.54043579101562
2024-10-16,183.8837127685547
2024-10-17,201.89154052734375
2024-10-18,196.9285888671875
2024-10-21,198.07614135742188
2024-10-22,194.67271423339844
2024-10-23,197.00704956054688
2024-10-24,194.13327026367188
2024-10-25,199.5375518798828
2024-10-28,190.94561767578125
2024-10-29,193.16226196289062
2024-10-30,190.74942016601562
2024-10-31,186.885009765625
2024-11-01,189.248779296875
2024-11-04,187.8854522705078
2024-11-05,192.0048828125
2024-11-06,189.51361083984375
2024-11-07,197.3307342529297
2024-11-08,197.34051513671875
2024-11-11,190.3276824951172
2024-11-12,188.0914306640625
2024-11-13,183.07945251464844
2024-11-14,184.8841552734375
2024-11-15,182.44190979003906
2024-11-18,183.8837127685547
2024-11-19,186.03172302246094
2024-11-20,184.74684143066406
2024-11-21,187.57159423828125
2024-11-22,186.433837890625
2024-11-25,181.52975463867188
2024-11-26,180.31353759765625
2024-11-27,177.71437072753906
2024-11-29,181.11781311035156
2024-12-02,190.67095947265625
2024-12-03,195.07484436035156
2024-12-04,196.84033203125
2024-12-05,200.38108825683594
2024-12-06,199.1256103515625
2024-12-09,195.34947204589844
2024-12-10,188.25816345214844
2024-12-11,190.8671417236328
2024-12-12,188.38369750976562
2024-12-13,197.7605743408203
2024-12-16,198.97079467773438
2024-12-17,197.43588256835938
2024-12-18,192.41781616210938
2024-12-19,191.51258850097656
2024-12-20,194.0413360595703
2024-12-23,204.02821350097656
2024-12-24,203.0147705078125
2024-12-26,199.7973175048828
2024-12-27,198.39028930664062
2024-12-30,197.1702117919922
2024-12-31,194.31683349609375
2025-01-02,198.34109497070312
2025-01-03,205.25816345214844
2025-01-06,216.47496032714844
2025-01-07,208.02297973632812
2025-01-08,203.7920684814453
2025-01-10,205.02198791503906
2025-01-13,198.1246337890625
2025-01-14,198.21316528320312
2025-01-15,203.47723388671875
2025-01-16,211.33883666992188
2025-01-17,208.10169982910156
2025-01-21,215.18601989746094
2025-01-22,219.6136932373047
2025-01-23,221.01089477539062
2025-01-24,218.31492614746094
2025-01-27,189.2200164794922
2025-01-28,199.1479034423828
2025-01-29,199.07904052734375
2025-01-30,204.80552673339844
2025-01-31,205.95672607421875
2025-02-03,196.58969116210938
2025-02-04,200.77139282226562
2025-02-05,205.2187957763672
2025-02-06,207.11776733398438
2025-02-07,202.8081512451172
2025-02-10,204.60873413085938
2025-02-11,205.3860626220703
2025-02-12,203.06396484375
2025-02-13,198.58709716796875
2025-02-14,200.62380981445312
2025-02-18,199.4824676513672
2025-02-19,197.72120666503906
2025-02-20,196.8848876953125
2025-02-21,195.0547637939453
2025-02-24,188.57066345214844
2025-02-25,186.32728576660156
2025-02-26,191.492919921875
2025-02-27,178.18031311035156
2025-02-28,177.6293182373047
2025-03-03,170.1907958984375
2025-03-04,177.10784912109375
2025-03-05,181.31907653808594
2025-03-06,173.02450561523438
2025-03-07,174.2544403076172
2025-03-10,167.9080810546875
2025-03-11,168.2229461669922
2025-03-12,174.3232879638672
2025-03-13,168.8329620361328
2025-03-14,171.29278564453125
2025-03-17,173.40826416015625
2025-03-18,171.01194763183594
2025-03-19,171.6342010498047
2025-03-20,175.29884338378906
2025-03-21,174.56788635253906
2025-03-24,178.94369506835938
2025-03-25,178.68687438964844
2025-03-26,171.37741088867188
2025-03-27,166.1817626953125
2025-03-28,163.2283172607422
2025-03-31,163.9691619873047
2025-04-01,166.5768585205078
2025-04-02,168.30545043945312
2025-04-03,155.45460510253906
2025-04-04,145.00404357910156
2025-04-07,144.3817596435547
2025-04-08,139.64048767089844
2025-04-09,156.807861328125
2025-04-10,149.28109741210938
2025-04-11,155.15829467773438
2025-04-14,153.93345642089844
2025-04-15,155.4052276611328
2025-04-16,149.81448364257812
2025-04-17,149.8836212158203
2025-04-21,146.05108642578125
2025-04-22,149.54776000976562
2025-04-23,155.87936401367188
2025-04-24,162.1714324951172
2025-04-25,163.08018493652344
2025-04-28,161.40097045898438
2025-04-29,162.46775817871094
2025-04-30,164.6507110595703
2025-05-01,170.60696411132812
2025-05-02,177.08668518066406
2025-05-05,174.24192810058594
2025-05-06,170.17233276367188
2025-05-07,172.40467834472656
2025-05-08,173.07635498046875
2025-05-09,174.3604736328125
2025-05-12,184.69248962402344
2025-05-13,191.61672973632812
2025-05-14,192.3773193359375
2025-05-15,191.8439178466797
2025-05-16,191.8439178466797
2025-05-19,191.13272094726562
2025-05-20,191.0833282470703
2025-05-21,189.41400146484375
2025-05-22,193.78982543945312
2025-05-23,189.6313018798828
2025-05-27,195.26156616210938
2025-05-28,193.7404327392578
2025-05-29,194.73806762695312
2025-05-30,190.95492553710938
2025-06-02,192.45631408691406
2025-06-03,195.19244384765625
2025-06-04,199.923828125
2025-06-05,200.8523406982422
2025-06-06,202.66983032226562
2025-06-09,204.46755981445312
2025-06-10,209.86077880859375
2025-06-11,211.48069763183594
2025-06-12,213.572509765625
2025-06-13,209.27984619140625
2025-06-16,213.82034301757812
2025-06-17,212.05569458007812
2025-06-18,211.65914916992188
2025-06-20,207.70355224609375
2025-06-23,208.50657653808594
2025-06-24,218.19232177734375
2025-06-25,220.81948852539062
2025-06-26,222.0785369873047
2025-06-27,226.59921264648438
2025-06-30,224.5371551513672
2025-07-01,222.74276733398438
2025-07-02,231.58584594726562
2025-07-03,232.77549743652344
2025-07-07,227.1940460205078
2025-07-08,225.8953399658203
2025-07-09,229.8410186767578
2025-07-10,227.77894592285156
2025-07-11,228.41342163085938
2025-07-14,226.6983642578125
2025-07-15,234.90696716308594
2025-07-16,235.51170349121094
2025-07-17,243.48239135742188
2025-07-18,238.32720947265625
2025-07-21,236.7905731201172
2025-07-22,232.5772247314453
2025-07-23,238.25782775878906
2025-07-24,239.51687622070312
2025-07-25,243.48239135742188
2025-07-28,240.65695190429688
2025-07-29,239.2491912841797
2025-07-30,240.81558227539062
2025-07-31,239.53668212890625
2025-08-01,233.1819610595703
2025-08-04,236.9392852783203
2025-08-05,230.46559143066406
2025-08-06,229.3750762939453
2025-08-07,240.52806091308594
2025-08-08,239.744873046875
2025-08-11,240.0026397705078
2025-08-12,242.18365478515625
2025-08-13,239.35824584960938
2025-08-14,238.92202758789062
2025-08-15,236.82032775878906
2025-08-18,239.32850646972656
2025-08-19,230.69361877441406
2025-08-20,226.62896728515625
2025-08-21,225.36990356445312
2025-08-22,230.98110961914062
2025-08-25,233.5586700439453
2025-08-26,236.6616973876953
2025-08-27,237.22677612304688
2025-08-28,236.21559143066406
2025-08-29,228.87939453125
2025-09-02,226.42076110839844
2025-09-03,229.3948974609375
2025-09-04,233.1819610595703
2025-09-05,241.31124877929688
2025-09-08,245.0586700439453
2025-09-09,248.75650024414062
2025-09-10,258.1944274902344
2025-09-11,256.6776123046875
2025-09-12,257.093994140625
2025-09-15,259.1263427734375
2025-09-16,260.62005615234375
2025-09-17,261.3460693359375
2025-09-18,267.1639099121094
2025-09-19,263.41461181640625
2025-09-22,271.1319885253906
2025-09-23,281.1566162109375
2025-09-24,279.1676025390625
2025-09-25,275.1398620605469
2025-09-26,271.85797119140625
2025-09-29,271.7287292480469
2025-09-30,277.75543212890625
2025-10-01,286.88494873046875
2025-10-02,286.52691650390625
2025-10-03,290.58453369140625
2025-10-06,300.7384033203125
2025-10-07,292.4143981933594
2025-10-08,302.8467712402344
2025-10-09,298.2322692871094
2025-10-10,279.11785888671875
2025-10-13,301.2257385253906
2025-10-14,294.3139343261719
2025-10-15,303.03570556640625
2025-10-16,298.1924743652344
2025-10-17,293.4586181640625
2025-10-20,296.06427001953125
2025-10-21,292.89178466796875
2025-10-22,287.292724609375
2025-10-23,289.1325378417969
2025-10-24,293.33929443359375
2025-10-27,296.6112365722656
2025-10-28,299.8731994628906
2025-10-29,303.41363525390625
2025-10-30,301.55389404296875
2025-10-31,298.77923583984375
2025-11-03,303.18487548828125
2025-11-04,292.4342956542969
2025-11-05,292.02655029296875
2025-11-06,287.65069580078125
2025-11-07,284.92578125
2025-11-10,293.6475830078125
2025-11-11,289.57012939453125
2025-11-12,289.02313232421875
2025-11-13,280.6494445800781
2025-11-14,283.2550048828125
2025-11-17,280.46044921875
2025-11-18,276.38299560546875
2025-11-19,280.8184814453125
2025-11-20,275.9752197265625
2025-11-21,273.54864501953125
2025-11-24,283.0760192871094
2025-11-25,283.1157531738281
2025-11-26,288.36676025390625
2025-11-28,289.9082336425781
2025-12-01,286.0992736816406
2025-12-02,290.48504638671875
2025-12-03,293.8266296386719
2025-12-04,291.3204650878906
2025-12-05,293.1006164550781
2025-12-08,300.2113342285156
2025-12-09,301.7428894042969
2025-12-10,308.4359130859375
2025-12-11,303.993408203125
2025-12-12,291.21942138671875
2025-12-15,286.9314880371094
2025-12-16,286.0639343261719
2025-12-17,276.1817626953125
2025-12-18,283.88006591796875
2025-12-19,288.1380920410156
2025-12-22,292.4559020996094
2025-12-23,296.1156311035156
2025-12-24,297.96038818359375
2025-12-26,301.9890441894531
2025-12-29,300.074462890625
2025-12-30,298.7381896972656
2025-12-31,303.0361328125
2026-01-02,318.7119140625
2026-01-05,321.3445129394531
2026-01-06,326.50994873046875
2026-01-07,317.7845458984375
2026-01-08,317.1164245605469
2026-01-09,322.72064208984375
2026-01-12,330.8377685546875
2026-01-13,330.2793273925781
2026-01-14,326.19085693359375
2026-01-15,340.6800537109375
2026-01-16,341.4378967285156
2026-01-20,326.24072265625
2026-01-21,325.2036437988281
2026-01-22,326.45013427734375
2026-01-23,333.9290466308594
2026-01-26,331.7751159667969
2026-01-27,337.3893127441406
2026-01-28,341.3381652832031
2026-01-29,338.59588623046875
2026-01-30,329.63116455078125
2026-02-02,340.40081787109375
2026-02-03,334.80657958984375
2026-02-04,324.82470703125
2026-02-05,329.8006896972656
2026-02-06,347.8697814941406
2026-02-09,354.4113464355469
2026-02-10,360.89306640625
2026-02-11,373.0388488769531
2026-02-12,367.065673828125
2026-02-13,365.33056640625
2026-02-17,363.1766662597656
2026-02-18,361.2420959472656
2026-02-19,359.3773498535156
2026-02-20,369.49884033203125
2026-02-23,369.000244140625
2026-02-24,384.66607666015625
2026-02-25,386.6405334472656
2026-02-26,375.751220703125
2026-02-27,373.5274658203125
2026-03-02,368.07281494140625
2026-03-03,352.13775634765625
2026-03-04,356.4356384277344
2026-03-05,352.8656921386719
2026-03-06,337.9377746582031
2026-03-09,347.72021484375
2026-03-10,346.1147155761719
2026-03-11,353.563720703125
2026-03-12,335.7638854980469
2026-03-13,337.359375
2026-03-16,339.2740173339844
2026-03-17,345.9800109863281
2026-03-18,339.57000732421875
2026-03-19,338.7900085449219
2026-03-20,329.239990234375
2026-03-23,338.45001220703125
2026-03-24,343.25
2026-03-25,347.75
2026-03-26,326.1099853515625
2026-03-27,326.739990234375
2026-03-30,316.5
2026-03-31,337.95001220703125
2026-04-01,341.489990234375
2026-04-02,339.0400085449219
2026-04-06,341.760009765625
2026-04-07,345.32000732421875
2026-04-08,365.8999938964844
2026-04-09,365.489990234375
2026-04-10,370.6000061035156
2026-04-13,369.57000732421875
2026-04-14,379.8900146484375
2026-04-15,375.1000061035156
2026-04-16,363.3500061035156
2026-04-17,370.5
2026-04-20,366.239990234375
2026-04-21,368.0799865722656
2026-04-22,387.44000244140625
2026-04-23,382.6600036621094
2026-04-24,402.4599914550781
2026-04-27,404.9800109863281
2026-04-28,392.3399963378906
2026-04-29,393.8299865722656
2026-04-30,396.05999755859375
2026-05-01,397.6700134277344
2026-05-04,401.6099853515625
2026-05-05,394.4100036621094
2026-05-06,419.5
2026-05-07,414.1499938964844
2026-05-08,411.67999267578125
2026-05-11,404.5400085449219
2026-05-12,397.2799987792969
2026-05-13,399.79998779296875
2026-05-14,417.7200012207031
2026-05-15,404.3500061035156
2026-05-18,395.95001220703125
2026-05-19,392.6099853515625
2026-05-20,401.6199951171875
2026-05-21,407.1499938964844
2026-05-22,404.5199890136719
2026-05-26,412.32000732421875
2026-05-27,422.7300109863281
2026-05-28,424.8599853515625
2026-05-29,418.45001220703125
2026-06-01,435.6300048828125
2026-06-02,446.69000244140625
2026-06-03,436.69000244140625
